DrugName,,B,,D,,,E,,,,L,,M,N,,,,R,,
AMINO COMPLETE,,,,120 CT,,,NOW FOODS,,,,0,,$5.35,$16.00,,,,Winston Salem Sales Tax,,
L-ARGININE,,1000 MG,,120 CT,,,NOW FOODS,,,,0,,$10.04,$23.00,,,,Winston Salem Sales Tax,,
ARGININE&CITRULINE,,500 MG,,240 CT,,,NOW FOODS,,,,0,,$24.99,$42.00,,,,Winston Salem Sales Tax,,
L-CARNITINE,,1000MG,,50TAB,,,NOW FOODS,,,,0,,$17.99,$30.00,,,,Winston Salem Sales Tax,,
L-CARNITINE,,500 MG,,60 CAP,,,NOW FOODS,,,,0,,$8.70,$22.00,,,,Winston Salem Sales Tax,,
CHEWABLE GABA,,500 MG,,90 CHEWS,,,NOW FOODS,,,,0,,$10.00,$20.00,,,,Winston Salem Sales Tax,,
GABA,,750 MG,,100 cap,,,NOW FOODS,,,,0,,$8.99,$15.00,,,,Winston Salem Sales Tax,,
5-HTP,,50 MG,,90 CAPS,,,NOW FOODS,,,,0,,$6.02,$15.00,,,,Winston Salem Sales Tax,,
L-LYSINE,,500 MG,,100 TAB,,,NOW FOODS,,,,0,,$2.67,$7.00,,,,Winston Salem Sales Tax,,
5-HTP,,100MG,,60 CAP,,,NOW FOODS,,,,0,,$5.69,$17.00,,,,Winston Salem Sales Tax,,
GLYCINE,,1000 MG,,100 CAP,,,NOW FOODS,,,,0,,$7.49,$14.00,,,,Winston Salem Sales Tax,,
L-LYSINE,,500 MG,,100 CAPS,,,NOW FOODS,,,,0,,$3.99,$7.50,,,,Winston Salem Sales Tax,,
L-LYSINE,,1000 MG,,100 TABS,,,NOW FOODS,,,,0,,$5.00,$11.00,,,,Winston Salem Sales Tax,,
L-METHIONINE,,500MG,,100 CAP,,,NOW FOODS,,,,0,,$7.99,$14.00,,,,Winston Salem Sales Tax,,
L-LYSINE,,1000 MG,,250 TABS,,,NOW FOODS,,,,0,,$11.54,$24.00,,,,Winston Salem Sales Tax,,
L-PROLINE,,500 MG,,120 CT,,,NOW FOODS,,,,0,,$8.49,$14.00,,,,Winston Salem Sales Tax,,
TAURINE,,1000MG,,100 CAP,,,NOW FOODS,,,,0,,$6.49,$11.00,,,,Winston Salem Sales Tax,,
TRUE CALM,,,,90 CAP,,,NOW FOODS,,,,0,,$7.69,$14.00,,,,Winston Salem Sales Tax,,
TRUE FOCUS,,,,90 CAP,,,NOW FOODS,,,,0,,$7.00,$15.00,,,,Winston Salem Sales Tax,,
L-TYROSINE,,,,90 CAP,,,NOW FOODS,,,,0,,$7.99,$15.00,,,,Winston Salem Sales Tax,,
NAC POWDER,,600MG,,4OZ,,,NOW FOODS,,,,0,,$15.00,$30.00,,,,Winston Salem Sales Tax,,
L-ARGININE POWDER,,5 GR,,16 OZ,,,NOW FOODS,,,,0,,$15.40,$30.00,,,,Winston Salem Sales Tax,,
L-GLUTAMINE PWDR,,5GR,,6OZ,,,NOW FOODS,,,,0,,$6.29,$15.00,,,,Winston Salem Sales Tax,,
L-GLUTAMINE PWDR,,5GR,,16OZ,,,NOW FOODS,,,,0,,$12.05,$30.00,,,,Winston Salem Sales Tax,,
GLYCINE,,1OOO MG,,16 OZ,,,NOW FOODS,,,,0,,$10.04,$22.00,,,,Winston Salem Sales Tax,,
VITAMIN A,,"10,000 IU",,100 SG,,,NOW FOODS,,,,0,,$2.34,$6.00,,,,Winston Salem Sales Tax,,
VITAMIN A,,25000 IU,,100 SG,,,NOW FOODS,,,,0,,$3.34,$8.00,,,,Winston Salem Sales Tax,,
VIT D LIQUID 1 OZ,,"1,000 IU",,,,,NOW FOODS,,,,0,,$4.68,$12.00,,,,Winston Salem Sales Tax,,
VIT D,,5000 IU,,120 GELS,,,NOW FOODS,,,,0,,$6.00,$11.00,,,,Winston Salem Sales Tax,,
VIT D,,"10,000 IU",,120 SGELS,,,NOW FOODS,,,,0,,$5.69,$15.00,,,,Winston Salem Sales Tax,,
LIPOSOMAL D&K,,"1,000 IU D/ 100MCG K",,,,,NOW FOODS,,,,0,,$6.69,$16.00,,,,Winston Salem Sales Tax,,
B-1,,100 MG,,100 TAB,,,NOW FOODS,,,,0,,$3.49,$6.00,,,,Winston Salem Sales Tax,,
VIT B-2,,100 MG,,100 CAP,,,NOW FOODS,,,,0,,$3.46,$7.00,,,,Winston Salem Sales Tax,,
P-5-P,,50 MG,,60 TAB,,,NOW FOODS,,,,0,,$6.99,$17.00,,,,Winston Salem Sales Tax,,
BIOTIN,,5000MCG,,60 CAP,,,NOW FOODS,,,,0,,$3.34,$8.00,,,,Winston Salem Sales Tax,,
FOLIC ACID,,800MCG,,250 TAB,,,NOW FOODS,,,,0,,$2.99,$7.00,,,,Winston Salem Sales Tax,,
NIACIN TR,,500MG,,100 TAB,,,NOW FOODS,,,,0,,$3.99,$9.00,,,,Winston Salem Sales Tax,,
NIACIN,,500MG,,100 CAP,,,NOW FOODS,,,,0,,$4.49,$9.00,,,,Winston Salem Sales Tax,,
METHYL B-12,,"5,000 MCG",,120 SUB,,,NOW FOODS,,,,0,,$15.00,$37.00,,,,Winston Salem Sales Tax,,
TMG,,1000MG,,100 TABS,,,NOW FOODS,,,,0,,$9.99,$15.00,,,,Winston Salem Sales Tax,,
METHYL B12,,5000 MCG,,60 SUB,,,NOW FOODS,,,,0,,$8.44,$21.00,,,,Winston Salem Sales Tax,,
FLUSH FREE NIACIN,,100 MG,,90 CAP,,,NOW FOODS,,,,0,,$-,$9.00,,,,Winston Salem Sales Tax,,
VIT C,,1000MG,,100 CAP,,,NOW FOODS,,,,0,,$5.38,$12.00,,,,Winston Salem Sales Tax,,
VIT C,,1000MG,,250 CAPS,,,NOW FOODS,,,,0,,$11.54,$23.00,,,,Winston Salem Sales Tax,,
RUTIN,,450 MG,,100 CAP,,,NOW FOODS,,,,0,,$7.49,$13.00,,,,Winston Salem Sales Tax,,
VITAMIN C CRYSTALS,,,,8OZ,,,NOW FOODS,,,,0,,$5.02,$10.00,,,,Winston Salem Sales Tax,,
VITAMIN E,,400IU,,GEL 100.00,,,NOW FOODS,,,,0,,$7.69,$15.00,,,,Winston Salem Sales Tax,,
CALCIUM CITRATE,,500 MG,,100 TABS,,,NOW FOODS,,,,0,,$5.24,$13.00,,,,Winston Salem Sales Tax,,
MAGNESIUM CITRATE,,400 MG,,GEL 180.00,,,NOW FOODS,,,,0,,$11.24,$24.00,,,,Winston Salem Sales Tax,,
MAG BIGLYCINATE,,,,8 OZ POWD,,,NOW FOODS,,,,0,,$7.69,$18.00,,,,Winston Salem Sales Tax,,
TRI-CHROMIUM,,500MCG,,180CT,,,NOW FOODS,,,,0,,$6.69,$18.00,,,,Winston Salem Sales Tax,,
TRI-CROMIUM,,500 MCG,,90 CP,,,NOW FOODS,,,,0,,$3.68,$10.00,,,,Winston Salem Sales Tax,,
IRON,,18 MG,,120 CAP,,,NOW FOODS,,,,0,,$4.49,$10.00,,,,Winston Salem Sales Tax,,
POTASSIUM,,99MG,,100TAB,,,NOW FOODS,,,,0,,$3.99,$7.00,,,,Winston Salem Sales Tax,,
SELENIUM,,200MCG,,90 CAP,,,NOW FOODS,,,,0,,$4.99,$9.00,,,,Winston Salem Sales Tax,,
SELENIUM,,200MCG,,180 V CAP,,,NOW FOODS,,,,0,,$6.69,$17.00,,,,Winston Salem Sales Tax,,
ZINC,,50 MG,,100 TABS,,,NOW FOODS,,,,0,,$3.50,$8.00,,,,Winston Salem Sales Tax,,
FULL MINERAL,,,,120 CAPS,,,NOW FOODS,,,,0,,$8.99,$15.00,,,,Winston Salem Sales Tax,,
FISH OIL,,1400 MG,,7 FL OZ,,,NOW FOODS,,,,0,,$11.39,$20.00,,,,Winston Salem Sales Tax,,
OMEGA 3,,,,LIQUID 16.9OZ,,,NOW FOODS,,,,0,,$21.59,$33.00,,,,Winston Salem Sales Tax,,
BORAGE OIL,,1000 MG,,60 CAP,,,NOW FOODS,,,,0,,$8.49,$15.00,,,,Winston Salem Sales Tax,,
COCONUT OIL 12 OZ.,,,,,,,NOW FOODS,,,,0,,$5.75,$8.00,,,,Winston Salem Sales Tax,,
SUPER PRIMROSE,,1300 MG,,120 SGELS,,,NOW FOODS,,,,0,,$10.12,$23.00,,,,Winston Salem Sales Tax,,
POLICOSANOL,,20 MG,,90 VCAP,,,NOW FOODS,,,,0,,$13.99,$24.00,,,,Winston Salem Sales Tax,,
PUMPKIN SEED OIL,,"1,000 MG",,100 CT,,,NOW FOODS,,,,0,,$7.49,$13.00,,,,Winston Salem Sales Tax,,
OMEGA369,,1200MG,,GEL 180.00,,,NOW FOODS,,,,0,,$12.05,$26.00,,,,Winston Salem Sales Tax,,
BEEF BROTH POWDER 1.2LBS,,,,,,,NOW FOODS,,,,0,,$21.59,$34.00,,,,Winston Salem Sales Tax,,
CREATINE,,,,120 CAP,,,NOW FOODS,,,,0,,$6.99,$12.00,,,,Winston Salem Sales Tax,,
MICRONIZED CREATINE 1.1LB,,,,,,,EMERSON,,,,0,,$12.64,$22.00,,,,Winston Salem Sales Tax,,
MSM,,1000 MG,,240 CAPS,,,NOW FOODS,,,,0,,$10.00,$22.00,,,,Winston Salem Sales Tax,,
PEA PROTEIN 24GR 12 0Z,,,,,,,NOW FOODS,,,,0,,$6.29,$12.50,,,,Winston Salem Sales Tax,,
PEA PROTEIN NATURAL 2LBS,,,,,,,NOW FOODS,,,,0,,$16.79,$27.00,,,,Winston Salem Sales Tax,,
D-RIBOSE 4 OZ,,,,5GR POWDER,,,NOW FOODS,,,,0,,$13.99,$22.00,,,,Winston Salem Sales Tax,,
TESTOJACK,,300MG,,60CAP,,,NOW FOODS,,,,0,,$15.00,$32.00,,,,Winston Salem Sales Tax,,
LECITHIN,,1200MG,,200 GELS,,,NOW FOODS,,,,0,,$7.49,$12.50,,,,Winston Salem Sales Tax,,
ASTAXANTHIN,,12 MG,,30 CAP,,,NOW FOODS,,,,0,,$16.74,$30.00,,,,Winston Salem Sales Tax,,
SUNFLOWER LECITHIN,,,,POWDER,,,NOW FOODS,,,,0,,$7.91,$18.00,,,,Winston Salem Sales Tax,,
PHOSPHATIDYL SERINE,,150MG,,60 CAP,,,NOW FOODS,,,,0,,$16.79,$30.00,,,,Winston Salem Sales Tax,,
LIVER REFRESH,,,,180 V CAPS,,,NOW FOODS,,,,0,,$14.73,$38.00,,,,Winston Salem Sales Tax,,
PROPOLIS,,,,90 SOFTGELS,,,NOW FOODS,,,,0,,$12.49,$15.00,,,,Winston Salem Sales Tax,,
CHLORELLA TABS,,500 MG,,200CT,,,NOW FOODS,,,,0,,$7.49,$17.00,,,,Winston Salem Sales Tax,,
CHLORELLA 4 OZ,,,,POWDER,,,NOW FOODS,,,,0,,$8.49,$16.00,,,,Winston Salem Sales Tax,,
KELP,,150 MCG,,200 TABS,,,NOW FOODS,,,,0,,$4.61,$10.00,,,,Winston Salem Sales Tax,,
SPIRULINA,,500MG,,100 TAB,,,NOW FOODS,,,,0,,$3.49,$6.50,,,,Winston Salem Sales Tax,,
D-MANNOSE,,2GR,,3 OZ POWDER,,,NOW FOODS,,,,0,,$10.71,$26.00,,,,Winston Salem Sales Tax,,
D-MANNOSE,,500MG,,120 VCAPS,,,NOW FOODS,,,,0,,$10.71,$28.00,,,,Winston Salem Sales Tax,,
BERRYDOPHILUS,,10 BILLION,,50 CHEWS,,,NOW FOODS,,,,0,,$8.37,$20.00,,,,Winston Salem Sales Tax,,
PROBIOTIC,,50 BILLION,,50 CAP,,,NOW FOODS,,,,0,,$16.74,$40.00,,,,Winston Salem Sales Tax,,
PROBIOTIC,,100 BILLION,,30 CAP,,,NOW FOODS,,,,0,,$15.07,$35.00,,,,Winston Salem Sales Tax,,
SACC BOULARDI,,,,60 VCAP,,,NOW FOODS,,,,0,,$9.99,$16.00,,,,Winston Salem Sales Tax,,
BROMELAIN,,500 MG,,120 CAPS,,,NOW FOODS,,,,0,,$14.99,$27.00,,,,Winston Salem Sales Tax,,
NOW SACC BOULARDI,,500 MG,,120VCAP,,,NOW FOODS,,,,0,,$18.99,$30.00,,,,Winston Salem Sales Tax,,
SUPER ENZYMES,,,,90 CAPS,,,NOW FOODS,,,,0,,$8.24,$18.00,,,,Winston Salem Sales Tax,,
SUPER ENZYMES,,,,180 CAPS,,,NOW FOODS,,,,0,,$15.39,$32.00,,,,Winston Salem Sales Tax,,
PAPAYA ENZYME,,,,100 CHEWS,,,NOW FOODS,,,,0,,$4.19,$10.00,,,,Winston Salem Sales Tax,,
SERRAPEPTASE,,,,60 V CAPS,,,NOW FOODS,,,,0,,$8.90,$19.00,,,,Winston Salem Sales Tax,,
ALOE VERA SOFTGELS,,,,100 CT,,,NOW FOODS,,,,0,,$6.99,$12.00,,,,Winston Salem Sales Tax,,
EPICOR PLUS,,500 MG,,60 CAP,,,NOW FOODS,,,,0,,$13.99,$25.00,,,,Winston Salem Sales Tax,,
ALPHA LIPOIC ACID,,250MG,,60 CAP,,,NOW FOODS,,,,0,,$6.02,$16.00,,,,Winston Salem Sales Tax,,
ALPHA LIP ACID,,600 MG,,120 CT,,,NOW FOODS,,,,0,,$19.00,$40.00,,,,Winston Salem Sales Tax,,
BENTONITE CLAY POWDR,,,,,,,NOW FOODS,,,,0,,$8.99,$16.00,,,,Winston Salem Sales Tax,,
BETA GLUCAN,,100MG,,90 CAP,,,NOW FOODS,,,,0,,$8.49,$16.00,,,,Winston Salem Sales Tax,,
I3CARBINOL,,200 MG,,60 CAP,,,NOW FOODS,,,,0,,$10.77,$22.00,,,,Winston Salem Sales Tax,,
LYCOPENE,,20mg,,50 Softgels,,,NOW FOODS,,,,0,,$11.54,$25.00,,,,Winston Salem Sales Tax,,
QUERCENTIN,,500mg,,100 cap,,,NOW FOODS,,,,0,,$13.47,$28.00,,,,Winston Salem Sales Tax,,
BETA-SITOSTEROL,,,,180 gel,,,NOW FOODS,,,,0,,$23.99,$40.00,,,,Winston Salem Sales Tax,,
DMAE,,250mg,,100 cap,,,NOW FOODS,,,,0,,$6.99,$13.00,,,,Winston Salem Sales Tax,,
DOPA MUCUNA,,,,90 cap,,,NOW FOODS,,,,0,,$9.99,$17.00,,,,Winston Salem Sales Tax,,
CALCIUM D-GLUCARATE,,,,90,,,NOW FOODS,,,,0,,$16.99,$29.00,,,,Winston Salem Sales Tax,,
NATTOKINASE,,100MG,,60 CAP,,,NOW FOODS,,,,0,,$10.04,$24.00,,,,Winston Salem Sales Tax,,
NATTOKINASE,,100MG,,120 VCA,,,NOW FOODS,,,,0,,$16.75,$45.00,,,,Winston Salem Sales Tax,,
HYALURONIC ACID,,,,60 CAP,,,NOW FOODS,,,,0,,$7.69,$15.00,,,,Winston Salem Sales Tax,,
GLUCOSAMINE CHONDROTIN,,,,,,,NOW FOODS,,,,0,,$22.00,$40.00,,,,Winston Salem Sales Tax,,
COQ10,,100 MG,,50 SOFTGELS,,,NOW FOODS,,,,0,,$7.36,$16.00,,,,Winston Salem Sales Tax,,
COQ10,,100MG,,150CT,,,NOW FOODS,,,,0,,$18.75,$48.00,,,,Winston Salem Sales Tax,,
GLUCOSAMINE SULFATE,,,,,,,NOW FOODS,,,,0,,$15.39,$30.00,,,,Winston Salem Sales Tax,,
LIQUID MELATONIN,,3MG,,2 OZ,,,NOW FOODS,,,,0,,$3.34,$8.00,,,,Winston Salem Sales Tax,,
PYCNOGENOL,,60MG,,50CT,,,NOW FOODS,,,,0,,$16.49,$35.00,,,,Winston Salem Sales Tax,,
GLUCOSOMINE LOTION 8 OZ,,,,,,,NOW FOODS,,,,0,,$6.37,$16.00,,,,Winston Salem Sales Tax,,
JOINT & MUSCLE CREAM 4 OZ,,,,,,,NOW FOODS,,,,0,,$5.77,$12.00,,,,Winston Salem Sales Tax,,
CANDIDA SUPPORT,,,,90 CAP,,,NOW FOODS,,,,0,,$10.99,$22.00,,,,Winston Salem Sales Tax,,
PROGESTERONE CR,,20MG,,3 OZ,,,NOW FOODS,,,,0,,$11.49,$22.00,,,,Winston Salem Sales Tax,,
RESVERATROL,,50 MG,,60 cap,,,NOW FOODS,,,,0,,$9.99,$14.00,,,,Winston Salem Sales Tax,,
PROSTATE SUPPORT,,,,90 GELS,,,NOW FOODS,,,,0,,$12.99,$21.00,,,,Winston Salem Sales Tax,,
RELORA,,300 MG,,60 CAP,,,NOW FOODS,,,,0,,$9.99,$16.00,,,,Winston Salem Sales Tax,,
RELORA,,300 MG,,120 VCAPS,,,NOW FOODS,,,,0,,$14.99,$32.00,,,,Winston Salem Sales Tax,,
PROGEST CR LAV,,20 MG,,3OZ,,,NOW FOODS,,,,0,,$11.49,$22.00,,,,Winston Salem Sales Tax,,
CAPRYLIC ACID,,600MG,,GEL 100.00,,,NOW FOODS,,,,0,,$7.99,$13.00,,,,Winston Salem Sales Tax,,
"HAIR,SKIN & NAILS",,,,90 CAP,,,NOW FOODS,,,,0,,$11.24,$22.00,,,,Winston Salem Sales Tax,,
EGGSHELL MEMBRANE,,,,60 CT,,,NOW FOODS,,,,0,,$19.99,$35.00,,,,Winston Salem Sales Tax,,
MEN'S EXTREME MULTI,,,,90 cap,,,NOW FOODS,,,,0,,$12.49,$21.00,,,,Winston Salem Sales Tax,,
GINSENG/PANAX,,,,100CAPS,,,LIFE EXTENSION,,,,0,,$6.99,$12.00,,,,Winston Salem Sales Tax,,
DANDELION TEA BAGS,,,,24 BAGS,,,NOW FOODS,,,,0,,$3.33,$6.00,,,,Winston Salem Sales Tax,,
PAU D'ARCO TEA BAGS,,,,24 BAGS,,,NOW FOODS,,,,0,,$2.99,$6.00,,,,Winston Salem Sales Tax,,
CHAMOMILE TEA BAGS,,,,24 BAG,,,NOW FOODS,,,,0,,$3.16,$6.00,,,,Winston Salem Sales Tax,,
ANDROGRAPHIS,,400MG,,90 CAP,,,NOW FOODS,,,,0,,$8.49,$13.00,,,,Winston Salem Sales Tax,,
BUTTERBUR,,75 MG,,60 CAP,,,NOW FOODS,,,,0,,$12.99,$20.00,,,,Winston Salem Sales Tax,,
BLACK COHOSH,,80 MG,,90 CAP,,,NOW FOODS,,,,0,,$6.15,$14.00,,,,Winston Salem Sales Tax,,
CRANBERRY STD 6%,,,,90 CAP,,,NOW FOODS,,,,0,,$8.99,$14.00,,,,Winston Salem Sales Tax,,
CINNAMON BARK,,600MG,,120 CAP,,,NOW FOODS,,,,0,,$7.49,$10.00,,,,Winston Salem Sales Tax,,
DANDELION,,500 MG,,100 CAPS,,,NOW FOODS,,,,0,,$4.99,$9.00,,,,Winston Salem Sales Tax,,
FEVERFEW,,,,100 CAP,,,NOW FOODS,,,,0,,$8.99,$15.00,,,,Winston Salem Sales Tax,,
FO-TI,,560 MG,,100 CAP,,,EMERSON,,,,0,,$3.59,$8.00,,,,Winston Salem Sales Tax,,
FENUGREEK,,500 MG,,100 CAP,,,NOW FOODS,,,,0,,$4.99,$10.00,,,,Winston Salem Sales Tax,,
GINKO BILOBA,,60 MG,,60 CAP,,,NOW FOODS,,,,0,,$5.99,$11.00,,,,Winston Salem Sales Tax,,
GINGER ROOT,,250MG,,90 CAP,,,NOW FOODS,,,,0,,$6.49,$10.00,,,,Winston Salem Sales Tax,,
EGCG,,400 MG,,90 CAP,,,NOW FOODS,,,,0,,$8.49,$16.00,,,,Winston Salem Sales Tax,,
GREEN TEA EXT,,400MG,,100 CAP,,,NOW FOODS,,,,0,,$4.49,$10.00,,,,Winston Salem Sales Tax,,
HORSE CHESNUT,,300MG,,90 CAP,,,NOW FOODS,,,,0,,$7.49,$11.00,,,,Winston Salem Sales Tax,,
OLIVE LEAF,,500 MG,,60VCAPS,,,NOW FOODS,,,,0,,$5.98,$10.00,,,,Winston Salem Sales Tax,,
SILYMARIN,,300 MG,,100 CAP,,,NOW FOODS,,,,0,,$10.39,$18.00,,,,Winston Salem Sales Tax,,
SLIPPERY ELM,,400MG,,100 CT,,,NOW FOODS,,,,0,,$4.49,$8.00,,,,Winston Salem Sales Tax,,
RHODIOLA,,500 MG,,60 CT,,,NOW FOODS,,,,0,,$12.74,$19.00,,,,Winston Salem Sales Tax,,
HORNY GOAT WEED,,750MG,,90 CAP,,,NOW FOODS,,,,0,,$9.99,$17.00,,,,Winston Salem Sales Tax,,
VALERIAN ROOT,,500 MG,,60 CAP,,,EMERSON,,,,0,,$18.00,$7.00,,,,Winston Salem Sales Tax,,
VITEX,,300 MG,,90 CAP,,,NOW FOODS,,,,0,,$7.49,$15.00,,,,Winston Salem Sales Tax,,
LIONS MANE,,500 MG,,60 CAP,,,NOW FOODS,,,,0,,$10.00,$20.00,,,,Winston Salem Sales Tax,,
MILK THISTLE,,750 MG,,90CAP,,,NOW FOODS,,,,0,,$13.47,$28.00,,,,Winston Salem Sales Tax,,
BEET ROOT POWDER,,,,12 OZ,,,NOW FOODS,,,,0,,$8.49,$17.00,,,,Winston Salem Sales Tax,,
GINGER SLICES,,,,12OZ,,,NOW FOODS,,,,0,,$4.33,$7.00,,,,Winston Salem Sales Tax,,
MANGO SLICES,,,,10OZ,,,NOW FOODS,,,,0,,$3.99,$7.00,,,,Winston Salem Sales Tax,,
ORG MANGO BITES,,,,8OZ,,,NOW FOODS,,,,0,,$-,$7.00,,,,Winston Salem Sales Tax,,
ORGANIC HEMP PROTEIN,,,,12OZ,,,NOW FOODS,,,,0,,$8.66,$13.00,,,,Winston Salem Sales Tax,,
PSYLLIUM HUSK,,,,12 OZ,,,NOW FOODS,,,,0,,$8.39,$14.00,,,,Winston Salem Sales Tax,,
PSYLLIUM,,700 MG,,180 CAPS,,,NOW FOODS,,,,0,,$8.49,$15.00,,,,Winston Salem Sales Tax,,
WHOLE PSYLLIUM HUSK,,,,,,,NOW FOODS,,,,0,,$13.79,$28.00,,,,Winston Salem Sales Tax,,
ORG HEMP HEARTS,,,,8OZ,,,NOW FOODS,,,,0,,$6.69,$9.00,,,,Winston Salem Sales Tax,,
MONK FRUIT,,,,2OZ,,,NOW FOODS,,,,0,,$4.94,$10.00,,,,Winston Salem Sales Tax,,
ORG ERYTHRITOL,,,,16 OZ POWDER,,,NOW FOODS,,,,0,,$5.99,$9.00,,,,Winston Salem Sales Tax,,
STEVIA COCONUT,,,,2 FL OZ,,,NOW FOODS,,,,0,,$6.59,$5.00,,,,Winston Salem Sales Tax,,
STEVIA POWDER,,,,1OZ,,,NOW FOODS,,,,0,,$4.15,$7.00,,,,Winston Salem Sales Tax,,
STEVIA LIQUID,,,,2OZ,,,NOW FOODS,,,,0,,$6.59,$10.00,,,,Winston Salem Sales Tax,,
LEMON STEVIA LIQUID,,,,,,,NOW FOODS,,,,0,,$4.61,$10.00,,,,Winston Salem Sales Tax,,
SLENDER STICKS ACAI LEMON,,,,,,,NOW FOODS,,,,0,,$3.79,$5.50,,,,Winston Salem Sales Tax,,
SLENDER STICKS POM/BERRY,,,,,,,NOW FOODS,,,,0,,$3.79,$5.50,,,,Winston Salem Sales Tax,,
SLENDER STICKS TROPICAL,,,,,,,NOW FOODS,,,,0,,$3.79,$5.50,,,,Winston Salem Sales Tax,,
MACADAMIA NUTS,,,,,,,NOW FOODS,,,,0,,$8.26,$11.00,,,,Winston Salem Sales Tax,,
TAMARI ALMONDS,,,,7OZ,,,NOW FOODS,,,,0,,$3.79,$6.00,,,,Winston Salem Sales Tax,,
SALTED SUNFLOWER SEEDS,,,,,,,NOW FOODS,,,,0,,$3.33,$5.00,,,,Winston Salem Sales Tax,,
ROASTED CASHEWS,,,,,,,NOW FOODS,,,,0,,$5.69,$8.00,,,,Winston Salem Sales Tax,,
MONK FRUIT VANILLA,,,,,,,NOW FOODS,,,,0,,$8.66,$12.00,,,,Winston Salem Sales Tax,,
RAW MACADAMIA NUTS,,,,,,,NOW FOODS,,,,0,,$8.26,$10.00,,,,Winston Salem Sales Tax,,
BLACK METAL DIFFUSER,,,,,,,NOW FOODS,,,,0,,$29.99,$48.00,,,,Winston Salem Sales Tax,,
GLASS SWIRL DIFFUSER,,,,,,,NOW FOODS,,,,0,,$22.00,$28.00,,,,Winston Salem Sales Tax,,
ALOE GEL,,,,8OZ,,,NOW FOODS,,,,0,,$5.39,$9.00,,,,Winston Salem Sales Tax,,
ORG CASTOR OIL,,,,8OZ,,,NOW FOODS,,,,0,,$4.49,$7.00,,,,Winston Salem Sales Tax,,
TOPICAL COCONUT OIL,,,,,,,NOW FOODS,,,,0,,$4.49,$8.00,,,,Winston Salem Sales Tax,,
GRAPESEED OIL,,,,4OZ,,,AROMA LAND,,,,0,,$2.49,$5.00,,,,Winston Salem Sales Tax,,
JOJOBA OIL,,,,,,,AROMA LAND,,,,0,,$5.84,$12.50,,,,Winston Salem Sales Tax,,
VIT C & SEABUCKTHORN LOTION,,,,,,,NOW FOODS,,,,0,,$6.00,$12.00,,,,Winston Salem Sales Tax,,
ROSE & YLANG YLANG DEO,,,,,,,NOW FOODS,,,,0,,$3.77,$7.00,,,,Winston Salem Sales Tax,,
NOW CEDARWOOD & CYPRESS DEO,,,,,,,NOW FOODS,,,,0,,$3.77,$7.00,,,,Winston Salem Sales Tax,,
VITAMIN D-3 CREAM,,,,4OZ,,,NOW FOODS,,,,0,,$5.54,$11.00,,,,Winston Salem Sales Tax,,
BAMBOO SILICA BEAUTY,,,,90 CAP,,,NOW FOODS,,,,0,,$12.05,$20.00,,,,Winston Salem Sales Tax,,
AVOCADO OIL,,,,16OZ,,,NOW FOODS,,,,0,,$9.33,$14.00,,,,Winston Salem Sales Tax,,
MACADAMIA NUT OIL,,,,16.9OZ,,,NOW FOODS,,,,0,,$9.32,$13.00,,,,Winston Salem Sales Tax,,
HAWTHORN,,1050 MG,,180 CAP,,,NUTRACEUTICAL,,,,0,,$2.50,$5.00,,,,Winston Salem Sales Tax,,
MACA,,525 MG,,60 CAP,,,NUTRACEUTICAL,,,,0,,$3.70,$7.00,,,,Winston Salem Sales Tax,,
ASTRAGALUS,,200MG,,60 CAP,,,NUTRACEUTICAL,,,,0,,$3.28,$6.00,,,,Winston Salem Sales Tax,,
5 HTP,,50 MG,,60 CAP,,,NOW FOODS,,,,0,,$4.68,$9.00,,,,Winston Salem Sales Tax,,
BETAINE HCL,,350 MG,,100TAB,,,NUTRACEUTICAL,,,,0,,$5.50,$10.00,,,,Winston Salem Sales Tax,,
NIACINAMIDE,,500MG,,100 TAB,,,NUTRACEUTICAL,,,,0,,$4.54,$8.00,,,,Winston Salem Sales Tax,,
POTASSIUM,,99 MG,,100 CAP,,,NOW FOODS,,,,0,,$3.60,$7.00,,,,Winston Salem Sales Tax,,
NIACIN 100MG,,100MG,,100TAB,,,NUTRACEUTICAL,,,,0,,$3.85,$6.00,,,,Winston Salem Sales Tax,,
COPPER,,2MG,,100 CAP,,,NUTRACEUTICAL,,,,0,,$4.00,$8.00,,,,Winston Salem Sales Tax,,
MSM,,1000MG,,180 CAP,,,NOW FOODS,,,,0,,$8.79,$15.00,,,,Winston Salem Sales Tax,,
SOLARAY NIACIN,,100MG,,100CT,,,NUTRACEUTICAL,,,,0,,$3.57,$8.00,,,,Winston Salem Sales Tax,,
SOLARAY NIACINAMIDE,,500MG,,100 CAP,,,NUTRACEUTICAL,,,,0,,$4.79,$10.00,,,,Winston Salem Sales Tax,,
GINGER,,1080MG,,100 CAP,,,NUTRACEUTICAL,,,,0,,$7.70,$13.00,,,,Winston Salem Sales Tax,,
ALLERGY/SINUS SPRAY .8 OZ,,,,,,,NUTRACEUTICAL,,,,0,,$8.70,$13.00,,,,Winston Salem Sales Tax,,
FOLINIC ACID,,800MCG,,180 CAP,,,EMERSON,,,,0,,$12.74,$19.00,,,,Winston Salem Sales Tax,,
ARGINE/ORNITHINE,,500/250,,100 CAP,,,NOW FOODS,,,,0,,$12.00,$18.00,,,,Winston Salem Sales Tax,,
BIOTIN,,600MCG,,100 CAP,,,LIFE EXTENSION,,,,0,,$3.08,$6.00,,,,Winston Salem Sales Tax,,
P-5-P,,100 MG,,60 CAPS,,,LIFE EXTENSION,,,,0,,$8.84,$20.00,,,,Winston Salem Sales Tax,,
VINPOCETINE,,10 MG,,60 CAP,,,LIFE EXTENSION,,,,0,,$7.38,$14.00,,,,Winston Salem Sales Tax,,
OPTIMIZED GARLIC,,200 MG,,200 CAP,,,LIFE EXTENSION,,,,0,,$11.25,$22.00,,,,Winston Salem Sales Tax,,
SUPER UBIQUINOL,,100 MG,,60 CAP,,,LIFE EXTENSION,,,,0,,$24.91,$45.00,,,,Winston Salem Sales Tax,,
SUPERUBIQUINOL,,50MG,,30 SOFT GEL,,,LIFE EXTENSION,,,,0,,$8.04,$16.00,,,,Winston Salem Sales Tax,,
SAFFRON EXT.,,88MG,,60 CAPS,,,DOUBLE WOOD,,,,0,,$18.00,$28.00,,,,Winston Salem Sales Tax,,
MELATONIN,,5MG,,60 CAP,,,LIFE EXTENSION,,,,0,,$7.23,$15.00,,,,Winston Salem Sales Tax,,
ACETYL L-CARNITINE,,500MG,,60 CAP,,,LIFE EXTENSION,,,,0,,$13.12,$27.00,,,,Winston Salem Sales Tax,,
DMAE,,150 MG,,200 CAP,,,NOW FOODS,,,,0,,$9.00,$13.00,,,,Winston Salem Sales Tax,,
NACETYLCYSTEINE,,600MG,,60CP,,,LIFE EXTENSION,,,,0,,$5.63,$12.00,,,,Winston Salem Sales Tax,,
FORSKOLIN,,10 MG,,60CAP,,,LIFE EXTENSION,,,,0,,$6.56,$14.00,,,,Winston Salem Sales Tax,,
ZINC LOZENGES,,30 MG,,60 LOZENGES,,,LIFE EXTENSION,,,,0,,$3.69,$6.00,,,,Winston Salem Sales Tax,,
NEURO-MAG,,144 MG,,90 CAP,,,LIFE EXTENSION,,,,0,,$18.48,$28.00,,,,Winston Salem Sales Tax,,
SUPER OMEGA,,500 MG,,240 SOFT GEL,,,LIFE EXTENSION,,,,0,,$14.40,$24.00,,,,Winston Salem Sales Tax,,
PQQ,,20 MG,,60 CAPS,,,LIFE EXTENSION,,,,0,,$13.12,$30.00,,,,Winston Salem Sales Tax,,
CITICOLINE,,250 MG,,60 CAPS,,,LIFE EXTENSION,,,,0,,$14.00,$28.00,,,,Winston Salem Sales Tax,,
MELATONIN,,300MCG,,100 CAP,,,LIFE EXTENSION,,,,0,,$2.87,$5.00,,,,Winston Salem Sales Tax,,
GLYCINE,,1000MG,,100 CAP,,,NOW FOODS,,,,0,,$4.82,$8.00,,,,Winston Salem Sales Tax,,
DL-PHENYLALANINE,,500 MG,,60 CAP,,,LIFE EXTENSION,,,,0,,$7.54,$15.00,,,,Winston Salem Sales Tax,,
INOSITOL,,1000 MG,,360 CAP,,,LIFE EXTENSION,,,,0,,$24.91,$45.00,,,,Winston Salem Sales Tax,,
MAG CITRATE,,100MG,,100 CAP,,,LIFE EXTENSION,,,,0,,$5.22,$10.00,,,,Winston Salem Sales Tax,,
L-THEANINE,,100MG,,60 CAP,,,LIFE EXTENSION,,,,0,,$6.48,$20.00,,,,Winston Salem Sales Tax,,
MELATONIN,,300 MCG TR,,60 CAP,,,LIFE EXTENSION,,,,0,,$5.10,$11.00,,,,Winston Salem Sales Tax,,
MELATONIN,,750MCG,,60 TAB,,,LIFE EXTENSION,,,,0,,$3.80,$7.00,,,,Winston Salem Sales Tax,,
SAW PALMETTO,,320MG,,GEL 30.00,,,LIFE EXTENSION,,,,0,,$6.03,$12.00,,,,Winston Salem Sales Tax,,
GINSENG ENERGY BOOST,,200 MG,,30 CAP,,,LIFE EXTENSION,,,,0,,$9.84,$16.00,,,,Winston Salem Sales Tax,,
APPETITE SUPPRESS,,,,60 CAP,,,LIFE EXTENSION,,,,0,,$15.58,$30.00,,,,Winston Salem Sales Tax,,
TAURINE,,1000 MG,,90 CAP,,,NOW FOODS,,,,0,,$5.33,$11.00,,,,Winston Salem Sales Tax,,
ADVANCED LIPID CONTROL,,,,60 CAP,,,LIFE EXTENSION,,,,0,,$12.30,$23.00,,,,Winston Salem Sales Tax,,
TMG,,1000 MG,,60 CAP,,,LIFE EXTENSION,,,,0,,$5.33,$12.00,,,,Winston Salem Sales Tax,,
BILBERRY EXTRACT,,100 MG,,60 CAP,,,LIFE EXTENSION,,,,0,,$14.76,$26.00,,,,Winston Salem Sales Tax,,
ENERGY RENEW,,200 MG,,30 CAP,,,LIFE EXTENSION,,,,0,,$12.15,$30.00,,,,Winston Salem Sales Tax,,
AMPK,,400 MG,,90 CAP,,,LIFE EXTENSION,,,,0,,$15.58,$32.00,,,,Winston Salem Sales Tax,,
CHOL SUPPORT,,500 MG,,60 CAPS,,,LIFE EXTENSION,,,,0,,$19.68,$35.00,,,,Winston Salem Sales Tax,,
TEAR SUPPORT,,,,30 CAP,,,LIFE EXTENSION,,,,0,,$7.24,$14.00,,,,Winston Salem Sales Tax,,
ASTAXANTHIN,,4MG,,GEL 30.00,,,LIFE EXTENSION,,,,0,,$6.56,$12.50,,,,Winston Salem Sales Tax,,
LOW-DOSE K2,,45MCG,,GEL 90.00,,,LIFE EXTENSION,,,,0,,$7.38,$14.50,,,,Winston Salem Sales Tax,,
FOLATE,,1700 MCG DFE,,100TAB,,,LIFE EXTENSION,,,,0,,$6.15,$14.00,,,,Winston Salem Sales Tax,,
SUPER OMEGA,,600 MG,,240 CT,,,LIFE EXTENSION,,,,0,,$12.86,$24.00,,,,Winston Salem Sales Tax,,
MACUGAURD,,,,60 SOFTGEL,,,LIFE EXTENSION,,,,0,,$22.00,$35.00,,,,Winston Salem Sales Tax,,
ARTERIAL PROTECT,,,,30 caps,,,LIFE EXTENSION,,,,0,,$19.68,$35.00,,,,Winston Salem Sales Tax,,
DOPA-MIND,,,,60 TABS,,,LIFE EXTENSION,,,,0,,$13.47,$35.00,,,,Winston Salem Sales Tax,,
OLIVE OIL 16.9 FL OZ,,,,,,,LIFE EXTENSION,,,,0,,$14.70,$24.00,,,,Winston Salem Sales Tax,,
TART CHERRY,,480 MG,,60 CAP,,,LIFE EXTENSION,,,,0,,$8.04,$15.00,,,,Winston Salem Sales Tax,,
PANTOTHENIC ACID,,500 MG,,100 CAP,,,LIFE EXTENSION,,,,0,,$8.55,$14.00,,,,Winston Salem Sales Tax,,
ULTRA PROSTATE FORMULA,,,,,,,LIFE EXTENSION,,,,0,,$15.67,$30.00,,,,Winston Salem Sales Tax,,
NEURO-MAG POWDER,,,,,,,LIFE EXTENSION,,,,0,,$16.07,$30.00,,,,Winston Salem Sales Tax,,
D AND K SEA-IODINE,,,,,,,LIFE EXTENSION,,,,0,,$9.84,$18.00,,,,Winston Salem Sales Tax,,
LE GAMMA E TALL BOTTLE,,,,,,,LIFE EXTENSION,,,,0,,$16.07,$28.00,,,,Winston Salem Sales Tax,,
GAMMA E,,,,,,,LIFE EXTENSION,,,,0,,$12.86,$22.00,,,,Winston Salem Sales Tax,,
FLORASSIST GI 30,,,,30 CAP,,,LIFE EXTENSION,,,,0,,$13.26,$24.00,,,,Winston Salem Sales Tax,,
SAME,,200 MG,,30 CAP,,,LIFE EXTENSION,,,,0,,$10.25,$20.00,,,,Winston Salem Sales Tax,,
LE CHILDRENS MULTI,,,,120,,,LIFE EXTENSION,,,,0,,$12.86,$23.00,,,,Winston Salem Sales Tax,,
PREBIOTIC CHEWABLE,,18 MG,,60 TAB,,,LIFE EXTENSION,,,,0,,$8.20,$18.00,,,,Winston Salem Sales Tax,,
MALE SUPPORT,,,,30 CAP,,,LIFE EXTENSION,,,,0,,$9.84,$17.00,,,,Winston Salem Sales Tax,,
TWO PER DAY CAPS,,,,120 CAP,,,LIFE EXTENSION,,,,0,,$12.86,$21.50,,,,Winston Salem Sales Tax,,
VITAMIN C AND BIO 250,,,,,,,LIFE EXTENSION,,,,0,,$14.46,$28.00,,,,Winston Salem Sales Tax,,
RESVERATROL LE,,250 MG,,30 CAP,,,LIFE EXTENSION,,,,0,,$13.66,$30.00,,,,Winston Salem Sales Tax,,
MOOD IMPROVE,,5 BILLION,,30 CAPS,,,LIFE EXTENSION,,,,0,,$12.46,$24.00,,,,Winston Salem Sales Tax,,
COLLAGEN & BIOTIN GUMMIES,,,,60 GUMMIES,,,DOUBLE WOOD,,,,0,,$17.00,$20.00,,,,Winston Salem Sales Tax,,
NAD+,,300 MG,,30 CAP,,,LIFE EXTENSION,,,,0,,$24.60,$45.00,,,,Winston Salem Sales Tax,,
NAD+ RESVERATROL,,300 MG,,30 CAP,,,LIFE EXTENSION,,,,0,,$27.88,$50.00,,,,Winston Salem Sales Tax,,
LIVER RESTORE,,,,30 CAP,,,LIFE EXTENSION,,,,0,,$8.50,$20.00,,,,Winston Salem Sales Tax,,
QUICK BRAIN NOOTROPIC,,,,30 CAP,,,LIFE EXTENSION,,,,0,,$8.25,$14.00,,,,Winston Salem Sales Tax,,
COLLAGEN PEPTIDIES,,,,,,,LIFE EXTENSION,,,,0,,$14.40,$24.00,,,,Winston Salem Sales Tax,,
5 DAY ELDERBERRY IMMUNE,,,,30 CHEWS,,,LIFE EXTENSION,,,,0,,$5.40,$12.00,,,,Winston Salem Sales Tax,,
BIO-FISETIN,,,,30 CAP,,,LIFE EXTENSION,,,,0,,$7.50,$14.00,,,,Winston Salem Sales Tax,,
DAILY BOWEL REGUALARITY,,,,30 CAP,,,LIFE EXTENSION,,,,0,,$10.66,$20.00,,,,Winston Salem Sales Tax,,
VEGAN VITAMIN D,,"5,000 IU",,30 CAP,,,LIFE EXTENSION,,,,0,,$9.02,$15.00,,,,Winston Salem Sales Tax,,
PLANT BASED MULTI,,,,60 CAP,,,LIFE EXTENSION,,,,0,,$14.25,$26.00,,,,Winston Salem Sales Tax,,
THEANINE XR,,400 MG,,30 CAP,,,LIFE EXTENSION,,,,0,,$11.48,$18.00,,,,Winston Salem Sales Tax,,
FAST ACTING RELIEF,,TURM/BOSWELLA,,30 CAP,,,LIFE EXTENSION,,,,0,,$12.86,$22.00,,,,Winston Salem Sales Tax,,
ECHINACEA ELITE,,200 MG,,60 CAP,,,LIFE EXTENSION,,,,0,,$8.04,$16.00,,,,Winston Salem Sales Tax,,
CALM-MAG,,500,,30 CAP,,,LIFE EXTENSION,,,,0,,$11.50,$20.00,,,,Winston Salem Sales Tax,,
LIPOSOMAL VIT C LE,,"1,000 MG",,60 TAB,,,LIFE EXTENSION,,,,0,,$12.75,$28.00,,,,Winston Salem Sales Tax,,
REST AND RENEW,,,,30 CAP,,,LIFE EXTENSION,,,,0,,$7.47,$14.00,,,,Winston Salem Sales Tax,,
PREGNENOLONE,,50 MG,,100 CAP,,,LIFE EXTENSION,,,,0,,$10.45,$20.00,,,,Winston Salem Sales Tax,,
MELATONIN,,3 MG,,60 SUBLINGUAL,,,LIFE EXTENSION,,,,0,,$3.40,$6.00,,,,Winston Salem Sales Tax,,
MELATONIN,,10 MG,,60 CAP,,,LIFE EXTENSION,,,,0,,$11.25,$22.00,,,,Winston Salem Sales Tax,,
DHEA,,25 MG,,100 CAP,,,LIFE EXTENSION,,,,0,,$6.43,$14.50,,,,Winston Salem Sales Tax,,
TMG,,500 MG,,1.76 OZ,,,LIFE EXTENSION,,,,0,,$7.00,$11.00,,,,Winston Salem Sales Tax,,
DHEA,,15 MG,,100 CAP,,,LIFE EXTENSION,,,,0,,$5.63,$12.00,,,,Winston Salem Sales Tax,,
DHEADISSOLVE,,25 MG,,100 CAP,,,LIFE EXTENSION,,,,0,,$5.74,$11.00,,,,Winston Salem Sales Tax,,
PREGNENOLONE,,100 MG,,100 CP,,,LIFE EXTENSION,,,,0,,$10.58,$23.00,,,,Winston Salem Sales Tax,,
MIGRA-EEZE,,,,60 SOFTGELS,,,LIFE EXTENSION,,,,0,,$14.06,$26.00,,,,Winston Salem Sales Tax,,
ADVANCED RETINOL SERUM,,,,,,,LIFE EXTENSION,,,,0,,$21.00,$32.00,,,,Winston Salem Sales Tax,,
DHEA,,50 MG,,60 CAP,,,LIFE EXTENSION,,,,0,,$7.63,$14.00,,,,Winston Salem Sales Tax,,
MEGA BENFOTIAMINE,,250 MG,,30 CAP,,,LIFE EXTENSION,,,,0,,$12.30,$22.00,,,,Winston Salem Sales Tax,,
POMEGRANATE EXTRACT,,200 MG,,30CAP,,,LIFE EXTENSION,,,,0,,$5.27,$14.00,,,,Winston Salem Sales Tax,,
ENHANCED STRESS RELIEF,,,,30 CAP,,,LIFE EXTENSION,,,,0,,$11.48,$18.00,,,,Winston Salem Sales Tax,,
METHYL B-12 60 CAP,,1 MG,,60 SUBLINGUAL,,,LIFE EXTENSION,,,,0,,$3.99,$8.00,,,,Winston Salem Sales Tax,,
BIO-QUERCETIN,,500 MG,,30 CAPS,,,LIFE EXTENSION,,,,0,,$4.82,$10.00,,,,Winston Salem Sales Tax,,
BLACK CUMIN SEED OIL,,500 MG,,60 SOFTGEL,,,LIFE EXTENSION,,,,0,,$6.54,$10.00,,,,Winston Salem Sales Tax,,
GASTRO-EASE,,75 MG,,60 CAPS,,,LIFE EXTENSION,,,,0,,$17.68,$33.00,,,,Winston Salem Sales Tax,,
MELATONIN IR/XR,,1.5 MG,,60 CAP,,,LIFE EXTENSION,,,,0,,$4.82,$9.00,,,,Winston Salem Sales Tax,,
KAVA KAVA EXTRACT,,,,120 CAP,,,DOUBLE WOOD,,,,0,,$13.85,$23.00,,,,Winston Salem Sales Tax,,
WP THYROID 1/4 GR 100 TAB,,,,,,,,,,,0,,$19.60,$32.00,,,,Winston Salem Sales Tax,,
I-THROID,,6.25 MG,,90 CAP,,,RLC,,,,0,,$10.20,$15.00,,,,Winston Salem Sales Tax,,
ALLERGY FORMULA,,,,60 CAP,,,ARIZONA NATURALS,,,,0,,$9.60,$15.00,,,,Winston Salem Sales Tax,,
EDTA,,600 MG,,100 CAP,,,ARIZONA NATURALS,,,,0,,$13.25,$21.00,,,,Winston Salem Sales Tax,,
YUCCA ROOT,,500 MG,,90 CAP,,,ARIZONA NATURALS,,,,0,,$5.40,$9.00,,,,Winston Salem Sales Tax,,
COLD & FLU,,,,60 CAPS,,,ARIZONA NATURALS,,,,0,,$9.60,$15.00,,,,Winston Salem Sales Tax,,
BLACK BEAR SPRAY,,,,.83 OZ,,,HOLISTIC HEALTH INTERNATIONAL,,,,0,,$8.80,$15.00,,,,Winston Salem Sales Tax,,
SYNTRA 5,,,,180 CAP,,,SYNTRATECH,,,,0,,$29.97,$48.00,,,,Winston Salem Sales Tax,,
METHYLATION COMPLETE,,"5,000 MCG",,120 DISOVABLE,,,Neuro Biologix,,,,0,,$31.25,$55.00,,,,Winston Salem Sales Tax,,
NEURO IMMUNE STABLIZER,,,,cream,,,Neuro Biologix,,,,0,,$35.40,$58.00,,,,Winston Salem Sales Tax,,
CALMING CREAM,,,,3 OZ.,,,Neuro Biologix,,,,0,,$24.60,$45.00,,,,Winston Salem Sales Tax,,
INFECTION CONTROL,,,,120 CAP,,,Neuro Biologix,,,,0,,$22.90,$44.00,,,,Winston Salem Sales Tax,,
METHYL FOLATE PLUS,,,,90 CAP,,,Neuro Biologix,,,,0,,$21.75,$35.00,,,,Winston Salem Sales Tax,,
DIM PRO,,200 MG,,120 CAP,,,Neuro Biologix,,,,0,,$24.20,$40.00,,,,Winston Salem Sales Tax,,
SULFORAPHANE,,600 MG,,60 cap,,,Neuro Biologix,,,,0,,$23.85,$32.00,,,,Winston Salem Sales Tax,,
NIGHT NIGHT,,,,4 FL OZ,,,Neuro Biologix,,,,0,,$22.00,$38.00,,,,Winston Salem Sales Tax,,
AGMASET,,890 MG,,120 CAP,,,Gilad & Gilad,,,,0,,$34.24,$55.00,,,,Winston Salem Sales Tax,,
NAKED GOAT WHEY PROTEIN,,,,,,,NAKED GOAT,,,,0,,$49.00,$70.00,,,,Winston Salem Sales Tax,,
NAKED SEED POWDER,,,,,,,NAKED GOAT,,,,0,,$21.00,$30.00,,,,Winston Salem Sales Tax,,
DERCUT 3.5OZ,,,,,,,BioResource,,,,0,,$14.00,$26.00,,,,Winston Salem Sales Tax,,
CORO-CALM,,,,50 ML,,,BioResource,,,,0,,$13.50,$20.00,,,,Winston Salem Sales Tax,,
PEKANA DETOX & DRAINAGE,,,,,,,BioResource,,,,0,,$34.00,$56.00,,,,Winston Salem Sales Tax,,
PROALLER,,,,50 ML,,,BioResource,,,,0,,$12.50,$20.00,,,,Winston Salem Sales Tax,,
PSY-STABIL,,,,100 ML,,,BioResource,,,,0,,$20.00,$32.00,,,,Winston Salem Sales Tax,,
MC-BAB-1,,,,1 OZ,,,"Beyond Balance, Inc.",,,,0,,$32.00,$25.00,,,,Winston Salem Sales Tax,,
MC-BAB-2,,,,2 OZ,,,"Beyond Balance, Inc.",,,,0,,$35.00,$25.00,,,,Winston Salem Sales Tax,,
MC-BAB-3,,,,2 OZ,,,"Beyond Balance, Inc.",,,,0,,$35.00,$25.00,,,,Winston Salem Sales Tax,,
MC-BAR-2,,,,1 OZ,,,"Beyond Balance, Inc.",,,,0,,$32.00,$52.00,,,,Winston Salem Sales Tax,,
TOX-EASE,,,,100 CAP,,,"Beyond Balance, Inc.",,,,0,,$33.00,$53.00,,,,Winston Salem Sales Tax,,
TOX-EASE GL,,,,,,,"Beyond Balance, Inc.",,,,0,,$35.00,$25.00,,,,Winston Salem Sales Tax,,
TOX-EASE MET,,,,100 CAP,,,"Beyond Balance, Inc.",,,,0,,$37.00,$5.00,,,,Winston Salem Sales Tax,,
MCT ALMOND MILK LATTE,,,,,,,ONNIT,,,,0,,$15.00,$25.00,,,,Winston Salem Sales Tax,,
COD LIVER ORANGE,,,,120 CAP,,,GREEN PASTURE,,,,0,,$22.50,$37.00,,,,Winston Salem Sales Tax,,
WRIGHT SALT 8.36 OZ,,,,,,,FULL SCRIPTS,,,,0,,$8.00,$13.00,,,,Winston Salem Sales Tax,,
CARDITONE,,,,60 CAP,,,FULL SCRIPTS,,,,0,,$21.00,$35.00,,,,Winston Salem Sales Tax,,
PHYTOB-L 4X,,,,10 ML,,,FULL SCRIPTS,,,,0,,$28.00,$38.00,,,,Winston Salem Sales Tax,,
PROGONB- L 4X,,,,10ML,,,FULL SCRIPTS,,,,0,,$19.00,$35.00,,,,Winston Salem Sales Tax,,
SUNBUTYRATE-TG,,,,,,,EMERSON,,,,0,,$18.25,$30.00,,,,Winston Salem Sales Tax,,
PARA 2,,SPECIAL ORDER,,,,,Cell Core Biosciences,,,,0,,$26.00,$42.00,,,,Winston Salem Sales Tax,,
PARA 1,,900 MG,,120 CAPS,,,Cell Core Biosciences,,,,0,,$20.00,$32.00,,,,Winston Salem Sales Tax,,
PARA 4,,SPECIAL ORDER,,,,,Cell Core Biosciences,,,,0,,$29.50,$48.00,,,,Winston Salem Sales Tax,,
BIO TOXIN BINDER,,BLEND: 652 MG,,60 CAP,,,Cell Core Biosciences,,,,0,,$39.00,$64.00,,,,Winston Salem Sales Tax,,
BOWEL MOVER,,BLEND: 620 MG,,90 CAP,,,Cell Core Biosciences,,,,0,,$26.00,$44.00,,,,Winston Salem Sales Tax,,
KL SUPPORT,,,,120 CAP,,,Cell Core Biosciences,,,,0,,$29.50,$50.00,,,,Winston Salem Sales Tax,,
LYMPHACTIV,,,,60 CAP,,,Cell Core Biosciences,,,,0,,$24.50,$40.00,,,,Winston Salem Sales Tax,,
CT-MINERALS,,,,4.8 OZ,,,Cell Core Biosciences,,,,0,,$24.50,$45.00,,,,Winston Salem Sales Tax,,
PARA 3,,,,,,,Cell Core Biosciences,,,,0,,$23.00,$35.00,,,,Winston Salem Sales Tax,,
ELDERBERRY SYRUP,,,,16 OZ,,,SWEET'S SYRUP,,,,0,,$21.00,$30.00,,,,Winston Salem Sales Tax,,
REMAG,,,,8 OZ,,,RnA ReSet PRO,,,,0,,$15.00,$23.00,,,,Winston Salem Sales Tax,,
GALLBLADDER COMPLETE,,,,,,,Complete Natural Products,,,,0,,$30.35,$46.00,,,,Winston Salem Sales Tax,,
URINARY TRACT COMPLETE,,,,,,,Complete Natural Products,,,,0,,$30.35,$46.00,,,,Winston Salem Sales Tax,,
CHANCA PIEDRA,,,,16 OZ,,,Complete Natural Products,,,,0,,$16.71,$27.00,,,,Winston Salem Sales Tax,,
SULBUTIAMINE,,200 MG,,90 CAP,,,DOUBLE WOOD,,,,0,,$14.05,$20.00,,,,Winston Salem Sales Tax,,
SAFFRON EXTRACT,,88.5 MG,,210 CAP,,,DOUBLE WOOD,,,,0,,$13.95,$23.00,,,,Winston Salem Sales Tax,,
APIGENIN,,,,,,,DOUBLE WOOD,,,,0,,$13.65,$23.00,,,,Winston Salem Sales Tax,,
FADOGIA AGRESTIS,,,,180 CAP,,,DOUBLE WOOD,,,,0,,$14.60,$24.00,,,,Winston Salem Sales Tax,,
SPERMIDINE,,10 MG,,,,,DOUBLE WOOD,,,,0,,$16.85,$28.00,,,,Winston Salem Sales Tax,,
SEROTONE,,,,90 CAP,,,APEX ENERGETICS,,,,0,,$37.00,$60.00,,,,Winston Salem Sales Tax,,
GABATONE,,,,90 CAP,,,APEX ENERGETICS,,,,0,,$19.99,$33.00,,,,Winston Salem Sales Tax,,
DOPATONE,,,,90 CAP,,,APEX ENERGETICS,,,,0,,$18.95,$31.00,,,,Winston Salem Sales Tax,,
PEPPERMINT NITRIC BALANCE,,,,,,,APEX ENERGETICS,,,,0,,$23.25,$39.00,,,,Winston Salem Sales Tax,,
CHOCOLATE NITRIC BALANCE,,,,,,,APEX ENERGETICS,,,,0,,$24.50,$39.00,,,,Winston Salem Sales Tax,,
ENTEROVITE,,,,180 CAP,,,APEX ENERGETICS,,,,0,,$28.50,$46.00,,,,Winston Salem Sales Tax,,
ORGANIC ROSEHIP OIL,,,,,,,TRILOGY,,,,0,,$12.76,$19.00,,,,Winston Salem Sales Tax,,
MIST TONER,,,,100 ML,,,TRILOGY,,,,0,,$12.76,$15.00,,,,Winston Salem Sales Tax,,
GENTLE FACE EXFOLIANT,,,,,,,TRILOGY,,,,0,,$17.16,$26.00,,,,Winston Salem Sales Tax,,
HYDRATING FACE CREAM,,,,,,,TRILOGY,,,,0,,$22.00,$31.00,,,,Winston Salem Sales Tax,,
REPLENISHING NIGHT CREAM,,,,,,,TRILOGY,,,,0,,$31.35,$47.00,,,,Winston Salem Sales Tax,,
COQ10 BOOSTER OIL,,,,20 ML,,,TRILOGY,,,,0,,$25.00,$36.00,,,,Winston Salem Sales Tax,,
ROSEHIP ANTIOXIDANT OIL,,,,,,,TRILOGY,,,,0,,$24.20,$34.00,,,,Winston Salem Sales Tax,,
CREAM CLEANSER,,,,100 ML,,,TRILOGY,,,,0,,$12.65,$18.00,,,,Winston Salem Sales Tax,,
ACTIVE ENZYME CLEANSER,,,,,,,TRILOGY,,,,0,,$24.75,$38.00,,,,Winston Salem Sales Tax,,
EXFOLIATING BODY BALM,,,,,,,TRILOGY,,,,0,,$16.50,$10.00,,,,Winston Salem Sales Tax,,
FIRMING BODY LOTION,,,,15.4,,,TRILOGY,,,,0,,$15.40,$10.00,,,,Winston Salem Sales Tax,,
ROSEHIP CLEANSING OIL,,,,,,,TRILOGY,,,,0,,$16.50,$24.00,,,,Winston Salem Sales Tax,,
LINE SMOOTHING EYE GEL,,,,,,,TRILOGY,,,,0,,$21.45,$30.00,,,,Winston Salem Sales Tax,,
VIT C BOOSTER TREATMENT,,,,,,,TRILOGY,,,,0,,$24.20,$34.00,,,,Winston Salem Sales Tax,,
VIT C MOISTURISING LOTION,,,,,,,TRILOGY,,,,0,,$25.30,$35.00,,,,Winston Salem Sales Tax,,
TRIPLE-ACTION EXFOLIATOR,,,,,,,TRILOGY,,,,0,,$21.45,$34.00,,,,Winston Salem Sales Tax,,
VIT C POLISHING POWDER,,,,,,,TRILOGY,,,,0,,$22.00,$34.00,,,,Winston Salem Sales Tax,,
VIT C EYE GEL,,,,,,,TRILOGY,,,,0,,$20.90,$30.00,,,,Winston Salem Sales Tax,,
AROMATIC ORG ROSHIP OIL,,,,,,,TRILOGY,,,,0,,$29.70,$42.00,,,,Winston Salem Sales Tax,,
AHA RESURFACING SERUM,,,,,,,TRILOGY,,,,0,,$28.60,$40.00,,,,Winston Salem Sales Tax,,
CLARIFY CLEANSING GEL,,,,,,,TRILOGY,,,,0,,$21.45,$35.00,,,,Winston Salem Sales Tax,,
MATTIFYING MOISTURE LOTIO,,,,,,,TRILOGY,,,,0,,$25.30,$41.00,,,,Winston Salem Sales Tax,,
PURIFYING CLEANSING TONER,,,,,,,TRILOGY,,,,0,,$20.90,$34.00,,,,Winston Salem Sales Tax,,
HYALURONIC BOOSTER,,,,,,,TRILOGY,,,,0,,$24.20,$34.00,,,,Winston Salem Sales Tax,,
FACIAL OIL,,,,0.67 OZ,,,TRILOGY,,,,0,,$15.40,$25.00,,,,Winston Salem Sales Tax,,
SMOOTHING DAY CREAM,,,,50 ML,,,TRILOGY,,,,0,,$28.60,$42.00,,,,Winston Salem Sales Tax,,
VITAMIN C BOOSTER,,,,0.5 OZ,,,TRILOGY,,,,0,,$20.00,$28.00,,,,Winston Salem Sales Tax,,
SAMENTO,,,,2 OZ,,,NUTRAMEDIX,,,,0,,$37.50,$58.00,,,,Winston Salem Sales Tax,,
BANDEROL,,,,2 OZ,,,NUTRAMEDIX,,,,0,,$32.50,$50.00,,,,Winston Salem Sales Tax,,
BURBUR-PINELLA,,,,2 OZ,,,NUTRAMEDIX,,,,0,,$20.00,$32.00,,,,Winston Salem Sales Tax,,
CUMANDA,,,,2 OZ,,,NUTRAMEDIX,,,,0,,$37.50,$58.00,,,,Winston Salem Sales Tax,,
TRU NIAGEN,,300 MG,,90 CAP,,,ChromaDex,,,,0,,$62.00,$100.00,,,,Winston Salem Sales Tax,,
ALOE VERA CLEANSER,,,,4 OZ,,,YOANNA,,,,0,,$11.30,$17.00,,,,Winston Salem Sales Tax,,
ALOE MILK CLEANSER,,,,4 OZ,,,YOANNA,,,,0,,$11.30,$17.00,,,,Winston Salem Sales Tax,,
CUCUMBER CLEANSER,,,,4 OZ,,,YOANNA,,,,0,,$11.70,$17.00,,,,Winston Salem Sales Tax,,
ALOE GEL LIQUID,,,,4 OZ,,,YOANNA,,,,0,,$12.00,$18.00,,,,Winston Salem Sales Tax,,
ELASTIN COLLAGEN LOTION,,,,,,,YOANNA,,,,0,,$18.50,$25.00,,,,Winston Salem Sales Tax,,
ALOE PEARL MOISTURIZER,,,,,,,YOANNA,,,,0,,$15.50,$24.00,,,,Winston Salem Sales Tax,,
PANTHENOL COLLAGEN CREME,,,,,,,YOANNA,,,,0,,$25.70,$40.00,,,,Winston Salem Sales Tax,,
CUCUMBER PEARLMOISTURIZER,,,,,,,YOANNA,,,,0,,$15.30,$24.00,,,,Winston Salem Sales Tax,,
FACIAL CONTOUR MASQUE,,,,,,,YOANNA,,,,0,,$16.10,$25.00,,,,Winston Salem Sales Tax,,
CAMOMILE EXFOLIATOR,,,,2 OZ,,,YOANNA,,,,0,,$16.10,$25.00,,,,Winston Salem Sales Tax,,
COLLAGEN BODY LOTION,,,,,,,YOANNA,,,,0,,$16.10,$25.00,,,,Winston Salem Sales Tax,,
ELASTIN LOTION,,,,1 OZ,,,YOANNA,,,,0,,$3.00,$5.00,,,,Winston Salem Sales Tax,,
ALOE CLEANSER,,,,1 OZ,,,YOANNA,,,,0,,$3.50,$5.00,,,,Winston Salem Sales Tax,,
FIRMING C COMPLEX,,,,,,,YOANNA,,,,0,,$25.70,$40.00,,,,Winston Salem Sales Tax,,
ELASTIN COLLAGEN LOTION,,,,,,,YOANNA,,,,0,,$3.70,$5.00,,,,Winston Salem Sales Tax,,
HERBAL TONER,,,,4 OZ,,,YOANNA,,,,0,,$11.30,$5.00,,,,Winston Salem Sales Tax,,
PANTHENOL TONER,,,,4 OZ,,,YOANNA,,,,0,,$11.30,$17.00,,,,Winston Salem Sales Tax,,
VITAMIN E OIL,,,,1 OZ,,,YOANNA,,,,0,,$13.10,$20.00,,,,Winston Salem Sales Tax,,
CBD MINT,,17 MG,,1 OZ,,,CHARLOTTE'S WEB,,,,0,,$35.99,$58.00,,,,Winston Salem Sales Tax,,
CBD OLIVE OIL,,17 MG,,1 OZ,,,CHARLOTTE'S WEB,,,,0,,$35.99,$58.00,,,,Winston Salem Sales Tax,,
CBD LEMON,,17 MG,,1 OZ,,,CHARLOTTE'S WEB,,,,0,,$35.99,$58.00,,,,Winston Salem Sales Tax,,
CBD LEMON,,60 MG,,1 OZ,,,CHARLOTTE'S WEB,,,,0,,$71.99,$118.00,,,,Winston Salem Sales Tax,,
CBD ORANGE,,17 MG,,1 OZ,,,CHARLOTTE'S WEB,,,,0,,$35.99,$58.00,,,,Winston Salem Sales Tax,,
CBD ORANGE,,60 MG,,1 OZ,,,CHARLOTTE'S WEB,,,,0,,$71.99,$118.00,,,,Winston Salem Sales Tax,,
CALM GUMMIES,,,,60 GUMMIES,,,CHARLOTTE'S WEB,,,,0,,$26.99,$42.00,,,,Winston Salem Sales Tax,,
SLEEP GUMMIES,,,,60 GUMMIES,,,CHARLOTTE'S WEB,,,,0,,$26.99,$42.00,,,,Winston Salem Sales Tax,,
CBD ORIGINAL MINT,,50 MG,,1 OZ,,,CHARLOTTE'S WEB,,,,0,,$54.00,$115.00,,,,Winston Salem Sales Tax,,
CBD ORIGINAL OLIVE OIL,,50 MG,,1 OZ,,,CHARLOTTE'S WEB,,,,0,,$71.99,$115.00,,,,Winston Salem Sales Tax,,
CBD MINT,,17 MG,,3.38 OZ,,,CHARLOTTE'S WEB,,,,0,,$89.99,$149.00,,,,Winston Salem Sales Tax,,
CBD MINT,,60 MG,,1 OZ,,,CHARLOTTE'S WEB,,,,0,,$71.99,$118.00,,,,Winston Salem Sales Tax,,
CBD MINT,,60 MG,,3.3 OZ,,,CHARLOTTE'S WEB,,,,0,,$149.99,$260.00,,,,Winston Salem Sales Tax,,
CBD LIQUID CAPS,,15 MG,,30 CT,,,CHARLOTTE'S WEB,,,,0,,$23.99,$39.00,,,,Winston Salem Sales Tax,,
CBD LIQUID CAPS,,15 MG,,60 CT,,,CHARLOTTE'S WEB,,,,0,,$41.99,$68.00,,,,Winston Salem Sales Tax,,
CBD LIQUID CAPS,,25 MG,,30 CT,,,CHARLOTTE'S WEB,,,,0,,$44.99,$72.00,,,,Winston Salem Sales Tax,,
CBD LIQUID CAPS,,25 MG,,60 CT,,,CHARLOTTE'S WEB,,,,0,,$71.99,$118.00,,,,Winston Salem Sales Tax,,
CBD CREAM,,750 MG,,,,,CHARLOTTE'S WEB,,,,0,,$23.99,$36.00,,,,Winston Salem Sales Tax,,
CBD FULL SPECTRUM,,25 MG,,60 GUMMIES,,,CHARLOTTE'S WEB,,,,0,,$41.99,$65.00,,,,Winston Salem Sales Tax,,
CBD FULL SPECTRUM,,15 MG,,60 GUMMIES,,,CHARLOTTE'S WEB,,,,0,,$22.50,$42.00,,,,Winston Salem Sales Tax,,
CBD ARTHRITIS OINTMENT,,,,,,,CHARLOTTE'S WEB,,,,0,,$17.99,$27.00,,,,Winston Salem Sales Tax,,
CBD BACK & NECK OINTMENT,,,,,,,CHARLOTTE'S WEB,,,,0,,$17.99,$27.00,,,,Winston Salem Sales Tax,,
CBD ARTHRITIS CREAM,,,,,,,CHARLOTTE'S WEB,,,,0,,$17.99,$27.00,,,,Winston Salem Sales Tax,,
ORIGINAL GROUND,,,,12 OZ,,,BULLETPROOF,,,,0,,$10.35,$13.00,,,,Winston Salem Sales Tax,,
BRAIN OCTANE,,,,32 OZ,,,BULLETPROOF,,,,0,,$29.57,$48.00,,,,Winston Salem Sales Tax,,
ORIGINAL WHOLE,,,,12 OZ,,,BULLETPROOF,,,,0,,$10.35,$13.00,,,,Winston Salem Sales Tax,,
DECAF GROUND,,,,12 OZ,,,BULLETPROOF,,,,0,,$10.35,$13.00,,,,Winston Salem Sales Tax,,
DECAF WHOLE,,,,12 OZ,,,BULLETPROOF,,,,0,,$10.35,$13.00,,,,Winston Salem Sales Tax,,
FRENCH KICK WHOLE,,,,12 OZ,,,BULLETPROOF,,,,0,,$10.35,$13.00,,,,Winston Salem Sales Tax,,
MENTALIST WHOLE,,,,12 OZ,,,BULLETPROOF,,,,0,,$10.35,$13.00,,,,Winston Salem Sales Tax,,
MENTALIST GROUND,,,,12 OZ,,,BULLETPROOF,,,,0,,$10.35,$13.00,,,,Winston Salem Sales Tax,,
FRENCH KICK GROUND,,,,12 OZ,,,BULLETPROOF,,,,0,,$10.35,$13.00,,,,Winston Salem Sales Tax,,
COLD BREW CHOC COLLAGEN,,,,,,,BULLETPROOF,,,,0,,$3.75,$4.00,,,,Winston Salem Sales Tax,,
OMEGA KRILL COMPLEX,,,,120 CAP,,,BULLETPROOF,,,,0,,$38.00,$55.00,,,,Winston Salem Sales Tax,,
BREAKFAST WHOLE,,,,12 OZ,,,BULLETPROOF,,,,0,,$10.35,$13.00,,,,Winston Salem Sales Tax,,
BREAKFAST GROUND,,,,12 OZ,,,BULLETPROOF,,,,0,,$10.35,$13.00,,,,Winston Salem Sales Tax,,
KETO CREAMER SINGLE PACK,,,,,,,BULLETPROOF,,,,0,,$1.50,$2.25,,,,Winston Salem Sales Tax,,
COLD BREW DARK CHOCOLATE,,,,,,,BULLETPROOF,,,,0,,$3.05,$4.00,,,,Winston Salem Sales Tax,,
COLD BREW VANILLA,,,,,,,BULLETPROOF,,,,0,,$3.05,$4.00,,,,Winston Salem Sales Tax,,
BRAIN OCTANE,,,,14 OZ,,,BULLETPROOF,,,,0,,$15.59,$23.00,,,,Winston Salem Sales Tax,,
BULLETPROOF CREAMER,,,,,,,BULLETPROOF,,,,0,,$20.96,$28.00,,,,Winston Salem Sales Tax,,
PLUS CBD RELIEF SOFTGELS,,,,30 CT,,,CV Sciences,,,,0,,$15.74,$27.00,,,,Winston Salem Sales Tax,,
PLUS CBD RESERVE SOFTGELS,,,,60 CT,,,CV Sciences,,,,0,,$24.74,$42.00,,,,Winston Salem Sales Tax,,
PLUS CBD CALM GUMMIES,,,,60 CT,,,CV Sciences,,,,0,,$15.74,$27.00,,,,Winston Salem Sales Tax,,
PLUS CBD SLEEP GUMMIES,,,,60 CT,,,CV Sciences,,,,0,,$15.74,$27.00,,,,Winston Salem Sales Tax,,
PLUS CBD RESERVE PEACH,,,,30 CT,,,CV Sciences,,,,0,,$24.74,$42.00,,,,Winston Salem Sales Tax,,
PLUS CBD RESERVE MELON,,,,30 CT,,,CV Sciences,,,,0,,$24.74,$42.00,,,,Winston Salem Sales Tax,,
CHOCOLATE PB PIE,,,,,,,SMALL SEED BARS,,,,0,,$1.90,$2.50,,,,Winston Salem Sales Tax,,
PB COCONUT,,,,,,,SMALL SEED BARS,,,,0,,$1.90,$2.50,,,,Winston Salem Sales Tax,,
CHOCOLATE FUDGE,,,,,,,SMALL SEED BARS,,,,0,,$1.90,$2.50,,,,Winston Salem Sales Tax,,
COOKIE DOUGH,,,,,,,SMALL SEED BARS,,,,0,,$1.90,$2.50,,,,Winston Salem Sales Tax,,
LEMON POPPY SEED,,,,2.5 OZ,,,SMALL SEED BARS,,,,0,,$1.90,$2.50,,,,Winston Salem Sales Tax,,
PEANUT BUTTER BAR,,,,,,,SMALL SEED BARS,,,,0,,$1.90,$2.50,,,,Winston Salem Sales Tax,,
BEEF STICK ORIGINAL,,,,,,,STRYVE,,,,0,,$1.25,$1.75,,,,Winston Salem Sales Tax,,
BEEF STICK GREEN CHILE,,,,,,,STRYVE,,,,0,,$1.25,$1.75,,,,Winston Salem Sales Tax,,
BEEF STICK PERI PERI,,,,,,,STRYVE,,,,0,,$1.25,$1.75,,,,Winston Salem Sales Tax,,
TURBO KRILL+D3,,,,60 SOFTGEL,,,3 Care Therapeutics,,,,0,,$14.00,$20.00,,,,Winston Salem Sales Tax,,
HAZELNUT SPREAD,,,,,,,BHU Foods,,,,0,,$11.99,$16.00,,,,Winston Salem Sales Tax,,
KETO STRAWBERRY BAR,,,,,,,BHU Foods,,,,0,,$2.10,$3.00,,,,Winston Salem Sales Tax,,
PEPEPERMINT ZEBRA PATTIES,,,,,,,BHU Foods,,,,0,,$6.75,$9.00,,,,Winston Salem Sales Tax,,
CHOCOLATE CHIP COOKIE,,,,,,,BHU Foods,,,,0,,$2.40,$3.00,,,,Winston Salem Sales Tax,,
KETO COOKIE DOUGH BAR,,,,,,,BHU Foods,,,,0,,$2.10,$3.00,,,,Winston Salem Sales Tax,,
KETO BROWNIE BAR,,,,,,,BHU Foods,,,,0,,$2.10,$3.00,,,,Winston Salem Sales Tax,,
KETO MACADAMIA BAR,,,,,,,BHU Foods,,,,0,,$2.10,$3.00,,,,Winston Salem Sales Tax,,
KETO PEANUT CHOC BAR,,,,,,,BHU Foods,,,,0,,$2.10,$3.00,,,,Winston Salem Sales Tax,,
KETO COCONUT BAR,,,,,,,BHU Foods,,,,0,,$2.10,$3.00,,,,Winston Salem Sales Tax,,
DARK CHOC KETO BITES,,,,,,,BHU Foods,,,,0,,$7.32,$10.50,,,,Winston Salem Sales Tax,,
CHOC CHIP KETO BITES,,,,,,,BHU Foods,,,,0,,$7.32,$10.50,,,,Winston Salem Sales Tax,,
KETO CARAMEL BAR,,,,,,,BHU Foods,,,,0,,$2.10,$3.00,,,,Winston Salem Sales Tax,,
PEANUT BUTTER BITES,,,,,,,BHU Foods,,,,0,,$7.32,$10.50,,,,Winston Salem Sales Tax,,
MACADAMIA KETO BITES,,,,,,,BHU Foods,,,,0,,$7.32,$10.50,,,,Winston Salem Sales Tax,,
KETO SNICKERDOODLE BAR,,,,,,,BHU Foods,,,,0,,$2.08,$3.00,,,,Winston Salem Sales Tax,,
PB TRUFFLES,,,,,,,BHU Foods,,,,0,,$11.20,$16.00,,,,Winston Salem Sales Tax,,
HAZELNUT TRUFFLES,,,,,,,BHU Foods,,,,0,,$11.20,$16.00,,,,Winston Salem Sales Tax,,
MINT TRUFFLES,,,,,,,BHU Foods,,,,0,,$11.20,$16.00,,,,Winston Salem Sales Tax,,
DOUBLE CHOC TRUFFLES,,,,,,,BHU Foods,,,,0,,$11.20,$16.00,,,,Winston Salem Sales Tax,,
PB COOKIE DOUGH,,,,,,,BHU Foods,,,,0,,$11.99,$16.00,,,,Winston Salem Sales Tax,,
CHOC CHIP COOKIEDOUGH,,,,,,,BHU Foods,,,,0,,$11.99,$16.00,,,,Winston Salem Sales Tax,,
COCONUT COOKIEDOUGH,,,,,,,BHU Foods,,,,0,,$11.99,$16.00,,,,Winston Salem Sales Tax,,
DARK CHOC COOKIEDOUGH,,,,,,,BHU Foods,,,,0,,$11.99,$16.00,,,,Winston Salem Sales Tax,,
READY TO BAKE COOKIES,,,,,,,BHU Foods,,,,0,,$6.00,$8.00,,,,Winston Salem Sales Tax,,
KETO MINT COOKIEDOUGH,,,,,,,BHU Foods,,,,0,,$2.10,$3.00,,,,Winston Salem Sales Tax,,
MAG TAURATE 180 V CAPS,,,,180 CAP,,,Ecological Formulas,,,,0,,$18.50,$29.00,,,,Winston Salem Sales Tax,,
MONOLAURIN,,600 MG,,90 CAP,,,Ecological Formulas,,,,0,,$17.55,$28.00,,,,Winston Salem Sales Tax,,
REFLUXIN,,,,90 TAB,,,Ecological Formulas,,,,0,,$8.00,$5.00,,,,Winston Salem Sales Tax,,
LACTOFERRIN,,300 MG,,60 CAP,,,Ecological Formulas,,,,0,,$25.00,$40.00,,,,Winston Salem Sales Tax,,
INOSITOL POWDER,,1.5 GR,,,,,Ecological Formulas,,,,0,,$11.10,$18.00,,,,Winston Salem Sales Tax,,
SIMILASE,,,,90 CAP,,,EMERSON,,,,0,,$13.75,$22.00,,,,Winston Salem Sales Tax,,
DHEA,,5 MG,,60 CAP,,,EMERSON,,,,0,,$4.37,$8.00,,,,Winston Salem Sales Tax,,
PRO SOM SLEEP,,,,60 CAP,,,EMERSON,,,,0,,$22.50,$34.00,,,,Winston Salem Sales Tax,,
CORTISOL MAN. ALLERG FREE,,,,,,,EMERSON,,,,0,,$14.50,$24.00,,,,Winston Salem Sales Tax,,
LAURICIDIN,,3000 MG,,8 OZ,,,LAURICIDIN,,,,0,,$15.95,$33.00,,,,Winston Salem Sales Tax,,
ORGINAL LIP BALM,,,,,,,ALL GOOD,,,,0,,$1.75,$3.00,,,,Winston Salem Sales Tax,,
SPORT SUNSCREEN,,,,,,,ALL GOOD,,,,0,,$7.99,$13.00,,,,Winston Salem Sales Tax,,
KIDS SUNSCREEN,,,,,,,ALL GOOD,,,,0,,$7.99,$13.00,,,,Winston Salem Sales Tax,,
SPORT SUNSCREEN SPRAY,,,,,,,ALL GOOD,,,,0,,$9.99,$15.00,,,,Winston Salem Sales Tax,,
KIDS SUNCREEN SPRAY,,,,,,,ALL GOOD,,,,0,,$9.99,$15.00,,,,Winston Salem Sales Tax,,
TINTED SUNSCREEN,,,,,,,ALL GOOD,,,,0,,$9.99,$15.00,,,,Winston Salem Sales Tax,,
BRACELET,,,,,,,CELESTIAL CITY DESIGNS,,,,0,,$10.00,$14.00,,,,Winston Salem Sales Tax,,
AMALAKI,,1000 MG,,90 TAB,,,Banyon Botanicals,,,,0,,$10.99,$18.00,,,,Winston Salem Sales Tax,,
MANJISTHA,,1000 MG,,90 TAB,,,Banyon Botanicals,,,,0,,$10.99,$18.00,,,,Winston Salem Sales Tax,,
MUCUNA,,1000 MG,,90 TAB,,,Banyon Botanicals,,,,0,,$10.99,$18.00,,,,Winston Salem Sales Tax,,
KITCHARI SPICE MIX,,,,3.5 OZ,,,Banyon Botanicals,,,,0,,$5.49,$7.50,,,,Winston Salem Sales Tax,,
GHEE ORGANIC,,,,,,,EMERSON,,,,0,,$7.79,$11.00,,,,Winston Salem Sales Tax,,
HYDROTAB,,80 MG,,60 TAB,,,HYDROTAB,,,,0,,$25.00,$42.00,,,,Winston Salem Sales Tax,,
TB4-FRAG SPRAY,,,,,,,"Integrative Peptides, LLC",,,,0,,$95.00,$140.00,,,,Winston Salem Sales Tax,,
CAN'T WEIGHT,,,,60 CAP,,,"Integrative Peptides, LLC",,,,0,,$50.00,$80.00,,,,Winston Salem Sales Tax,,
CEREBROPEP,,,,30 CAP,,,"Integrative Peptides, LLC",,,,0,,$60.00,$105.00,,,,Winston Salem Sales Tax,,
KPV SPRAY,,,,,,,"Integrative Peptides, LLC",,,,0,,$80.00,$115.00,,,,Winston Salem Sales Tax,,
LITHIUM OROTATE,,130 MG,,120 CAP,,,EMERSON,,,,0,,$13.63,$20.00,,,,Winston Salem Sales Tax,,
SUNSHINE LOTUS PEAR,,,,12 OZ,,,SUNSHINE BEVERAGES,,,,0,,$1.67,$2.50,,,,Winston Salem Sales Tax,,
SUNSHINE POMEGRANATE,,,,,,,SUNSHINE BEVERAGES,,,,0,,$1.67,$2.50,,,,Winston Salem Sales Tax,,
SUNSHINE CITRUS,,,,12 OZ,,,SUNSHINE BEVERAGES,,,,0,,$1.67,$2.50,,,,Winston Salem Sales Tax,,
MONKFRUIT,,,,8 OZ,,,LAKANTO,,,,0,,$5.00,$7.00,,,,Winston Salem Sales Tax,,
PLAIN CHOCOLATE BAR,,,,,,,LAKANTO,,,,0,,$4.60,$6.50,,,,Winston Salem Sales Tax,,
CACAO CHOCOLATE BAR,,,,,,,LAKANTO,,,,0,,$4.60,$6.50,,,,Winston Salem Sales Tax,,
DRINKING CHOC,,,,,,,LAKANTO,,,,0,,$10.50,$14.50,,,,Winston Salem Sales Tax,,
MATCHA LATTE,,,,,,,LAKANTO,,,,0,,$10.50,$14.50,,,,Winston Salem Sales Tax,,
SUNTELLA,,,,,,,LAKANTO,,,,0,,$7.50,$11.00,,,,Winston Salem Sales Tax,,
POWDERED SUGAR,,,,,,,LAKANTO,,,,0,,$9.50,$13.00,,,,Winston Salem Sales Tax,,
BROWNIE MIX,,,,,,,LAKANTO,,,,0,,$7.00,$10.00,,,,Winston Salem Sales Tax,,
CHOCOLATE CHIPS,,,,,,,LAKANTO,,,,0,,$8.00,$11.00,,,,Winston Salem Sales Tax,,
BLUEBERRY MUFFIN MIX,,,,,,,LAKANTO,,,,0,,$7.00,$10.00,,,,Winston Salem Sales Tax,,
PANCAKE MIX,,,,,,,LAKANTO,,,,0,,$10.00,$14.00,,,,Winston Salem Sales Tax,,
CHOCOLATE ALMOND BARK,,,,,,,LAKANTO,,,,0,,$7.65,$10.00,,,,Winston Salem Sales Tax,,
SUNFLOWER CUPS,,,,,,,LAKANTO,,,,0,,$5.75,$8.00,,,,Winston Salem Sales Tax,,
CINNAMON GRANOLA,,,,,,,LAKANTO,,,,0,,$8.50,$9.00,,,,Winston Salem Sales Tax,,
CHOCOLATE MUFFIN MIX,,,,,,,LAKANTO,,,,0,,$7.00,$10.00,,,,Winston Salem Sales Tax,,
PUMPKIN MUFFINS,,,,,,,LAKANTO,,,,0,,$7.00,$10.00,,,,Winston Salem Sales Tax,,
BANANA MUFFINS,,,,,,,LAKANTO,,,,0,,$7.00,$10.00,,,,Winston Salem Sales Tax,,
PEANUT BUTTER CUPS,,,,,,,LAKANTO,,,,0,,$5.75,$8.00,,,,Winston Salem Sales Tax,,
CINNAMON MAPLE SYRUP,,,,,,,LAKANTO,,,,0,,$7.00,$10.00,,,,Winston Salem Sales Tax,,
CANIDIED NUTS,,,,,,,LAKANTO,,,,0,,$8.75,$12.00,,,,Winston Salem Sales Tax,,
CINNAMON NUTS,,,,,,,LAKANTO,,,,0,,$8.75,$12.00,,,,Winston Salem Sales Tax,,
MAPLE NUTS,,,,,,,LAKANTO,,,,0,,$8.75,$12.00,,,,Winston Salem Sales Tax,,
CHOCOLATE ALMONDS,,,,,,,LAKANTO,,,,0,,$5.50,$7.50,,,,Winston Salem Sales Tax,,
ESPRESSO CUPS,,,,,,,LAKANTO,,,,0,,$10.00,$14.00,,,,Winston Salem Sales Tax,,
COOKIE BUTTER,,,,,,,LAKANTO,,,,0,,$7.50,$10.00,,,,Winston Salem Sales Tax,,
CHOCOLATE GRANOLA,,,,,,,LAKANTO,,,,0,,$8.50,$12.00,,,,Winston Salem Sales Tax,,
BERRY GRANOLA,,,,,,,LAKANTO,,,,0,,$8.50,$12.00,,,,Winston Salem Sales Tax,,
VANILLA ALMOND BUTTER,,,,,,,LAKANTO,,,,0,,$10.00,$14.00,,,,Winston Salem Sales Tax,,
MINT TRUFFLES,,,,,,,LAKANTO,,,,0,,$7.00,$10.00,,,,Winston Salem Sales Tax,,
CARAMEL TRUFFLES,,,,,,,LAKANTO,,,,0,,$7.00,$10.00,,,,Winston Salem Sales Tax,,
TRUFFLES,,,,,,,LAKANTO,,,,0,,$7.00,$10.00,,,,Winston Salem Sales Tax,,
PEANUT BUTTER SPREAD,,,,,,,LAKANTO,,,,0,,$7.65,$11.00,,,,Winston Salem Sales Tax,,
BERRY COFFE CAKE,,,,,,,LAKANTO,,,,0,,$10.00,$14.00,,,,Winston Salem Sales Tax,,
LEMON MUFFINS,,,,,,,LAKANTO,,,,0,,$7.00,$10.00,,,,Winston Salem Sales Tax,,
MAPLE SYRUP,,,,,,,LAKANTO,,,,0,,$7.15,$10.00,,,,Winston Salem Sales Tax,,
ADRENAL,,,,,,,HAIOTB,,,,0,,$4.50,$26.00,,,,Winston Salem Sales Tax,,
ASH,,,,,,,HAIOTB,,,,0,,$2.95,$21.00,,,,Winston Salem Sales Tax,,
BERB,,,,,,,HAIOTB,,,,0,,$9.47,$30.00,,,,Winston Salem Sales Tax,,
BF ADRENAL,,,,,,,HAIOTB,,,,0,,$4.50,$19.50,,,,Winston Salem Sales Tax,,
BF ASH,,,,,,,HAIOTB,,,,0,,$2.95,$15.75,,,,Winston Salem Sales Tax,,
BF BALM,,,,,,,HAIOTB,,,,0,,$12.00,$18.00,,,,Winston Salem Sales Tax,,
BF BERB,,,,,,,HAIOTB,,,,0,,$4.37,$21.75,,,,Winston Salem Sales Tax,,
BF BLOOD,,,,,,,HAIOTB,,,,0,,$6.50,$21.00,,,,Winston Salem Sales Tax,,
BF BONE,,,,,,,HAIOTB,,,,0,,$3.40,$19.50,,,,Winston Salem Sales Tax,,
BF BRAIN,,,,,,,HAIOTB,,,,0,,$17.77,$50.25,,,,Winston Salem Sales Tax,,
BF CIRC,,,,,,,HAIOTB,,,,0,,$4.35,$19.50,,,,Winston Salem Sales Tax,,
BF DAILY,,,,,,,HAIOTB,,,,0,,$8.75,$19.88,,,,Winston Salem Sales Tax,,
BF DK BUNDLE,,,,,,,HAIOTB,,,,0,,$5.72,$26.24,,,,Winston Salem Sales Tax,,
BF ESTRO,,,,,,,HAIOTB,,,,0,,$3.80,$24.00,,,,Winston Salem Sales Tax,,
BF EYE,,,,,,,HAIOTB,,,,0,,$4.75,$19.50,,,,Winston Salem Sales Tax,,
BF INFLA,,,,,,,HAIOTB,,,,0,,$6.55,$21.00,,,,Winston Salem Sales Tax,,
BF KETOX,,,,,,,HAIOTB,,,,0,,$12.65,$35.25,,,,Winston Salem Sales Tax,,
BF MAX,,,,,,,HAIOTB,,,,0,,$3.65,$21.00,,,,Winston Salem Sales Tax,,
BF MUS,,,,,,,HAIOTB,,,,0,,$7.00,$16.50,,,,Winston Salem Sales Tax,,
BF OIL,,,,,,,HAIOTB,,,,0,,$12.00,$18.00,,,,Winston Salem Sales Tax,,
BF OMEGA,,,,,,,HAIOTB,,,,0,,$5.25,$21.00,,,,Winston Salem Sales Tax,,
BF PLANT,,,,,,,HAIOTB,,,,0,,$7.65,$27.75,,,,Winston Salem Sales Tax,,
BF PREG,,,,,,,HAIOTB,,,,0,,$6.60,$18.75,,,,Winston Salem Sales Tax,,
BF PRO,,,,,,,HAIOTB,,,,0,,$10.97,$25.50,,,,Winston Salem Sales Tax,,
BF SPORTS OIL,,,,,,,HAIOTB,,,,0,,$14.00,$19.50,,,,Winston Salem Sales Tax,,
BF TURM,,,,,,,HAIOTB,,,,0,,$5.27,$21.00,,,,Winston Salem Sales Tax,,
BF VIT D,,,,,,,HAIOTB,,,,0,,$2.22,$13.50,,,,Winston Salem Sales Tax,,
BF VIT K,,,,,,,HAIOTB,,,,0,,$3.50,$17.25,,,,Winston Salem Sales Tax,,
BLACK,,,,,,,HAIOTB,,,,0,,$2.85,$18.00,,,,Winston Salem Sales Tax,,
BLOOD,,,,,,,HAIOTB,,,,0,,$6.50,$28.00,,,,Winston Salem Sales Tax,,
BONE,,,,,,,HAIOTB,,,,0,,$3.80,$29.00,,,,Winston Salem Sales Tax,,
BRAIN,,,,,,,HAIOTB,,,,0,,$18.97,$72.00,,,,Winston Salem Sales Tax,,
CIRC,,,,,,,HAIOTB,,,,0,,$4.35,$26.00,,,,Winston Salem Sales Tax,,
DAILY MULTI,,,,,,,HAIOTB,,,,0,,$8.75,$26.50,,,,Winston Salem Sales Tax,,
DK BUNDLE,,,,,,,HAIOTB,,,,0,,$5.72,$37.99,,,,Winston Salem Sales Tax,,
ESTRO,,,,,,,HAIOTB,,,,0,,$3.80,$32.00,,,,Winston Salem Sales Tax,,
EYE,,,,,,,HAIOTB,,,,0,,$6.33,$27.00,,,,Winston Salem Sales Tax,,
INFLA,,,,,,,HAIOTB,,,,0,,$6.55,$28.00,,,,Winston Salem Sales Tax,,
KETOX,,,,,,,HAIOTB,,,,0,,$13.65,$51.00,,,,Winston Salem Sales Tax,,
LEPTIN,,,,,,,HAIOTB,,,,0,,$3.90,$29.00,,,,Winston Salem Sales Tax,,
MAG,,,,,,,HAIOTB,,,,0,,$6.59,$24.00,,,,Winston Salem Sales Tax,,
MAX,,,,,,,HAIOTB,,,,0,,$3.65,$28.00,,,,Winston Salem Sales Tax,,
MUS,,,,,,,HAIOTB,,,,0,,$11.00,$34.00,,,,Winston Salem Sales Tax,,
VIT K,,,,,,,HAIOTB,,,,0,,$3.50,$12.00,,,,Winston Salem Sales Tax,,
OMEGA,,,,,,,HAIOTB,,,,0,,$8.54,$32.00,,,,Winston Salem Sales Tax,,
PLANT,,,,,,,HAIOTB,,,,0,,$7.65,$29.25,,,,Winston Salem Sales Tax,,
PREG,,,,,,,HAIOTB,,,,0,,$7.87,$29.99,,,,Winston Salem Sales Tax,,
PRO,,,,,,,HAIOTB,,,,0,,$11.15,$35.00,,,,Winston Salem Sales Tax,,
TURM,,,,,,,HAIOTB,,,,0,,$5.27,$28.00,,,,Winston Salem Sales Tax,,
VIT D,,,,,,,HAIOTB,,,,0,,$3.63,$22.00,,,,Winston Salem Sales Tax,,
VIT D & K,,7500 IU/ 200 MCG,,,,,HAIOTB,,,,0,,$3.75,$28.00,,,,Winston Salem Sales Tax,,
VIT K,,,,,,,HAIOTB,,,,0,,$3.75,$23.99,,,,Winston Salem Sales Tax,,
LUGOL'S SOLUTION,,2%,,2 oz,,,J.Crow Company,,,,0,,$12.50,$18.00,,,,Winston Salem Sales Tax,,
CONTEGRA,,,,60 CAP,,,Sanesco,,,,0,,$35.20,$53.00,,,,Winston Salem Sales Tax,,
LENTRA,,,,60 CAP,,,Sanesco,,,,0,,$38.46,$60.00,,,,Winston Salem Sales Tax,,
METHYLMAX,,,,60 CAP,,,Sanesco,,,,0,,$27.50,$42.00,,,,Winston Salem Sales Tax,,
PROCITE-D,,,,60 CAP,,,Sanesco,,,,0,,$31.46,$48.00,,,,Winston Salem Sales Tax,,
PROLENT,,,,60 CAP,,,Sanesco,,,,0,,$36.30,$55.00,,,,Winston Salem Sales Tax,,
SOMNITR,,,,30 TAB,,,Sanesco,,,,0,,$19.36,$29.00,,,,Winston Salem Sales Tax,,
TRANQUILENT,,,,30 TAB,,,Sanesco,,,,0,,$15.40,$24.00,,,,Winston Salem Sales Tax,,
FRACTIONATED COCONUT OIL,,,,,,,"Aromaland, Inc.",,,,0,,$6.29,$11.00,,,,Winston Salem Sales Tax,,
HAND SANITIZER,,,,8 OZ,,,"Aromaland, Inc.",,,,0,,$3.99,$6.00,,,,Winston Salem Sales Tax,,
GODDESS SPIRIT ESSENTIAL OIL,,,,,,,"Aromaland, Inc.",,,,0,,$5.60,$8.00,,,,Winston Salem Sales Tax,,
STRESS RELEASE ESSENTIAL OIL,,,,,,,"Aromaland, Inc.",,,,0,,$18.90,$25.00,,,,Winston Salem Sales Tax,,
JOJOBA ESSENTIAL OIL,,,,8 OZ,,,"Aromaland, Inc.",,,,0,,$18.99,$28.00,,,,Winston Salem Sales Tax,,
MOTHER NATURE ESSENTIAL OIL,,,,,,,"Aromaland, Inc.",,,,0,,$7.10,$10.00,,,,Winston Salem Sales Tax,,
GRAPESEED OIL,,,,8 OZ,,,"Aromaland, Inc.",,,,0,,$4.49,$8.00,,,,Winston Salem Sales Tax,,
CHERRY BLOSSOM ESSENTIAL OIL,,,,,,,"Aromaland, Inc.",,,,0,,$29.52,$35.00,,,,Winston Salem Sales Tax,,
REVITALIZING ESSENTIAL OIL,,,,,,,"Aromaland, Inc.",,,,0,,$5.60,$8.00,,,,Winston Salem Sales Tax,,
ANGEL OIL ESSENTIAL OIL,,,,1/3 OZ,,,"Aromaland, Inc.",,,,0,,$5.80,$10.00,,,,Winston Salem Sales Tax,,
BEDTIME ESSENTIAL OIL,,,,1/3 OZ,,,"Aromaland, Inc.",,,,0,,$13.95,$20.00,,,,Winston Salem Sales Tax,,
BERGAMOT ESSENTIAL OIL,,,,1/3 OZ,,,"ARomaland, Inc.",,,,0,,$6.90,$11.00,,,,Winston Salem Sales Tax,,
BREATHE WELL ESSENTIAL OIL,,,,1/3 OZ,,,"ARomaland, Inc.",,,,0,,$6.10,$10.00,,,,Winston Salem Sales Tax,,
CALMING BLEND ESSENTIAL OIL,,,,1/3 OZ,,,"Aromaland, Inc.",,,,0,,$6.10,$10.00,,,,Winston Salem Sales Tax,,
CEDARWOOD ESSENTIAL OIL,,,,1/3 OZ,,,"Aromaland, Inc.",,,,0,,$5.00,$8.00,,,,Winston Salem Sales Tax,,
CELEBRATE ESSENTIAL OIL,,,,1/3 OZ,,,"Aromaland, Inc.",,,,0,,$4.00,$12.00,,,,Winston Salem Sales Tax,,
CITRUS BLEND ESSENTIAL OIL,,,,,,,"Aromaland, Inc.",,,,0,,$5.25,$8.00,,,,Winston Salem Sales Tax,,
CLARY SAGE ESSENTIAL OIL,,,,1/3 OZ,,,"Aromaland, Inc.",,,,0,,$8.65,$5.00,,,,Winston Salem Sales Tax,,
CLOVE BUD ESSENTIAL OIL,,,,1/3 OZ,,,"Aromaland, Inc.",,,,0,,$4.50,$9.00,,,,Winston Salem Sales Tax,,
ENERGIZING ESSENTIAL OIL,,,,1/3 OZ,,,"Aromaland, Inc.",,,,0,,$4.95,$8.00,,,,Winston Salem Sales Tax,,
EUCALYPTUS ESSENTIAL OIL,,,,1/3 OZ,,,"Aromaland, Inc.",,,,0,,$4.25,$11.00,,,,Winston Salem Sales Tax,,
EVERGREEN ESSENTIAL OIL,,,,1/3 OZ,,,"Aromaland, Inc.",,,,0,,$5.80,$10.00,,,,Winston Salem Sales Tax,,
FRANKINCENSE ESSENTIAL OIL,,100%,,1/3 OZ,,,"Aromaland, Inc.",,,,0,,$14.85,$26.00,,,,Winston Salem Sales Tax,,
FRANKINCENSE ESSENTIAL OIL,,10%,,1/3 OZ,,,"Aromaland, Inc.",,,,0,,$7.38,$12.00,,,,Winston Salem Sales Tax,,
GERANIUM ESSENTIAL OIL,,,,1/3 OZ,,,"Aromaland, Inc.",,,,0,,$5.45,$5.00,,,,Winston Salem Sales Tax,,
INSPIRATION ESSENTIAL OIL,,,,1/3 OZ,,,"Aromaland, Inc.",,,,0,,$5.00,$9.00,,,,Winston Salem Sales Tax,,
BULGERIAN LAVENDER ESSENTIAL OIL,,,,1/3 OZ,,,"Aromaland, Inc.",,,,0,,$4.50,$11.00,,,,Winston Salem Sales Tax,,
FRENCH LAVENDER ESSENTIAL OIL,,,,1/3 OZ,,,"Aromaland, Inc.",,,,0,,$5.04,$8.00,,,,Winston Salem Sales Tax,,
LEMON VERBENA ESSENTIAL OIL,,,,,,,"Aromaland, Inc.",,,,0,,$5.40,$8.00,,,,Winston Salem Sales Tax,,
ORANGE CALIFORNIA ESSENTIAL OIL,,,,1/3 OZ,,,"Aromaland, Inc.",,,,0,,$2.58,$7.00,,,,Winston Salem Sales Tax,,
PEPPERMINT ESSENTIAL OIL,,,,1/3 OZ,,,"Aromaland, Inc.",,,,0,,$4.80,$9.00,,,,Winston Salem Sales Tax,,
PERSONAL DEFENSE ESSENTIAL OIL,,,,1/3 OZ,,,"Aromaland, Inc.",,,,0,,$6.90,$11.00,,,,Winston Salem Sales Tax,,
PURIFYING ESSENTIAL OIL,,,,1/3 OZ,,,"Aromaland, Inc.",,,,0,,$5.75,$10.00,,,,Winston Salem Sales Tax,,
ROSE MOROCCAN ESSENTIAL OIL,,10%,,,,,"Aromaland, Inc.",,,,0,,$12.30,$23.00,,,,Winston Salem Sales Tax,,
ROSEMARY ESSENTIAL OIL,,,,1/3 OZ,,,"Aromaland, Inc.",,,,0,,$3.72,$9.00,,,,Winston Salem Sales Tax,,
TAKE FIVE ESSENTIAL OIL,,,,1/3 OZ,,,"Aromaland, Inc.",,,,0,,$7.65,$12.00,,,,Winston Salem Sales Tax,,
TEA TREE ESSENTIAL OIL,,,,1/3 OZ,,,"Aromaland, Inc.",,,,0,,$5.30,$11.00,,,,Winston Salem Sales Tax,,
SLEEPY GUMMIES,,,,30 CT,,,Winged Nutrition LLC,,,,0,,$20.97,$35.00,,,,Winston Salem Sales Tax,,
RELAXATION GUMMIES,,,,30 CT,,,Winged Nutrition LLC,,,,0,,$20.97,$35.00,,,,Winston Salem Sales Tax,,
SLEEPYHEAD,,,,60 GUMMIES,,,Winged Nutrition LLC,,,,0,,$14.97,$25.00,,,,Winston Salem Sales Tax,,
RISE UP,,,,60 GUMMIES,,,Winged Nutrition LLC,,,,0,,$14.97,$25.00,,,,Winston Salem Sales Tax,,
MELATONIN,,60 MG,,60 GUMMIES,,,Scientific Health,,,,0,,$29.00,$58.00,,,,Winston Salem Sales Tax,,
MELATONIN,,60 MG,,60 CAP,,,Scientific Health,,,,0,,$16.48,$28.00,,,,Winston Salem Sales Tax,,
UP DOG SUN SALUTE,,,,,,,UP DOG KOMBUCHA,,,,0,,$3.00,$4.50,,,,Winston Salem Sales Tax,,
UPDOG SPHINX,,,,12 OZ,,,UP DOG KOMBUCHA,,,,0,,$3.00,$4.50,,,,Winston Salem Sales Tax,,
UPDOG HAPPY BABY,,,,12 OZ,,,UP DOG KOMBUCHA,,,,0,,$3.00,$4.50,,,,Winston Salem Sales Tax,,
UP DOG FIREFLY,,,,,,,UP DOG KOMBUCHA,,,,0,,$3.00,$4.50,,,,Winston Salem Sales Tax,,
OLEANDER,,,,,,,Avila Herbs,,,,0,,$43.07,$70.00,,,,Winston Salem Sales Tax,,
CAT'S CLAW,,1000 MG,,100 CAP,,,Raintree Formulas,,,,0,,$9.00,$16.00,,,,Winston Salem Sales Tax,,
CHANCA PIEDRA,,500 MG,,100 CAP,,,Raintree Formulas,,,,0,,$12.00,$20.00,,,,Winston Salem Sales Tax,,
N-TENSE,,700 MG,,120 CAP,,,Raintree Formulas,,,,0,,$17.00,$30.00,,,,Winston Salem Sales Tax,,
AMAZON A-P,,1.95 GR,,120 CAP,,,Raintree Formulas,,,,0,,$15.50,$30.00,,,,Winston Salem Sales Tax,,
AMAZON A-F,,650 MG,,120 CAP,,,Raintree Formulas,,,,0,,$15.50,$30.00,,,,Winston Salem Sales Tax,,
AMAZON SPIRO,,650 CAP,,120 CAP,,,Raintree Formulas,,,,0,,$15.50,$30.00,,,,Winston Salem Sales Tax,,
GRAVIOLA MAX,,650 MG,,120 CAP,,,Raintree Formulas,,,,0,,$16.00,$15.00,,,,Winston Salem Sales Tax,,
MYCO,,650 CAP,,120 CAP,,,Raintree Formulas,,,,0,,$16.00,$30.00,,,,Winston Salem Sales Tax,,
CLAVO HUASCA,,500 MG,,100 CAP,,,Raintree Formulas,,,,0,,$12.00,$20.00,,,,Winston Salem Sales Tax,,
CHUCHUHUASI,,,,2 OZ,,,Raintree Formulas,,,,0,,$12.50,$21.00,,,,Winston Salem Sales Tax,,
CLAVO HUASCA,,,,2 OZ,,,Raintree Formulas,,,,0,,$11.00,$16.50,,,,Winston Salem Sales Tax,,
SIMAROUBA,,,,,,,Raintree Formulas,,,,0,,$12.00,$20.00,,,,Winston Salem Sales Tax,,
VITALITY,,650 MG,,120 CAP,,,RAINTREE FORMULAS,,,,0,,$17.00,$32.00,,,,Winston Salem Sales Tax,,
AMAZON A-V,,650 MG,,120 CAP,,,RAINTREE FORMULAS,,,,0,,$15.50,$30.00,,,,Winston Salem Sales Tax,,
LIPS SPF30,,,,,,,Eco-Lips,,,,0,,$2.09,$3.00,,,,Winston Salem Sales Tax,,
MONGO KISS ORANGE,,,,,,,Eco-Lips,,,,0,,$1.79,$3.00,,,,Winston Salem Sales Tax,,
MONGO KISS YUMBERRY,,,,,,,Eco-Lips,,,,0,,$1.79,$3.00,,,,Winston Salem Sales Tax,,
LIP FOOD PROTECT,,,,,,,Eco-Lips,,,,0,,$1.96,$3.00,,,,Winston Salem Sales Tax,,
LIP FOOD PLUMP,,,,,,,Eco-Lips,,,,0,,$1.96,$3.00,,,,Winston Salem Sales Tax,,
LIP FOOD NOURISH,,,,,,,Eco-Lips,,,,0,,$1.96,$3.00,,,,Winston Salem Sales Tax,,
LIP & CHEEK TINT NUDE,,,,,,,Eco-Lips,,,,0,,$4.31,$7.00,,,,Winston Salem Sales Tax,,
LIP & CHEEK TINT PINK,,,,,,,Eco-Lips,,,,0,,$4.31,$7.00,,,,Winston Salem Sales Tax,,
LIP & CHEEK TINT RED,,,,,,,Eco-Lips,,,,0,,$4.31,$7.00,,,,Winston Salem Sales Tax,,
LIP TINT BLESSED,,,,,,,Eco-Lips,,,,0,,$3.29,$5.00,,,,Winston Salem Sales Tax,,
LIP TINT BLISSFUL,,,,,,,Eco-Lips,,,,0,,$3.29,$5.00,,,,Winston Salem Sales Tax,,
LIP TINT BOLD,,,,,,,Eco-Lips,,,,0,,$3.29,$5.00,,,,Winston Salem Sales Tax,,
LIP TINT BRAVE,,,,,,,Eco-Lips,,,,0,,$3.29,$5.00,,,,Winston Salem Sales Tax,,
LIP TINT BRAZEN,,,,,,,Eco-Lips,,,,0,,$3.29,$5.00,,,,Winston Salem Sales Tax,,
LIP SCRUB BROWN SUGAR,,,,,,,Eco-Lips,,,,0,,$3.36,$6.00,,,,Winston Salem Sales Tax,,
LIP SCRUB MINT TRUFFLE,,,,,,,Eco-Lips,,,,0,,$3.36,$6.00,,,,Winston Salem Sales Tax,,
LIP SCRUB VANILLA BEAN,,,,,,,Eco-Lips,,,,0,,$3.36,$6.00,,,,Winston Salem Sales Tax,,
BUG CANDLE,,,,,,,Eco-Lips,,,,0,,$6.59,$11.00,,,,Winston Salem Sales Tax,,
BUG SOOTHER,,,,4 OZ,,,Eco-Lips,,,,0,,$4.19,$7.00,,,,Winston Salem Sales Tax,,
BUG SOOTHER,,,,2 OZ,,,Eco-Lips,,,,0,,$2.69,$5.00,,,,Winston Salem Sales Tax,,
BUG SOOTHER,,,,8 OZ,,,Eco-Lips,,,,0,,$5.99,$10.00,,,,Winston Salem Sales Tax,,
LIPS SPF15,,,,,,,Eco-Lips,,,,0,,$2.09,$3.00,,,,Winston Salem Sales Tax,,
MONGO KISS POMEGRANATE,,,,,,,Eco-Lips,,,,0,,$1.79,$3.00,,,,Winston Salem Sales Tax,,
MONGO KISS VANILLA HONEY,,,,,,,Eco-Lips,,,,0,,$1.79,$3.00,,,,Winston Salem Sales Tax,,
BEE FREE UNFLAVORED,,,,,,,Eco-Lips,,,,0,,$2.09,$3.25,,,,Winston Salem Sales Tax,,
BEE FREE SUPERFRUIT,,,,,,,Eco-Lips,,,,0,,$2.09,$3.25,,,,Winston Salem Sales Tax,,
BEE FREE SWEET MINT,,,,,,,Eco-Lips,,,,0,,$1.79,$3.00,,,,Winston Salem Sales Tax,,
COPPER BALANCE,,,,60 CAP,,,Physician Designed,,,,0,,$20.00,$38.00,,,,Winston Salem Sales Tax,,
MTHFR RENEW,,,,60 CAP,,,Physician Designed,,,,0,,$20.00,$38.00,,,,Winston Salem Sales Tax,,
MTHFR ENDURE,,,,60 CAP,,,Physician Designed,,,,0,,$20.00,$38.00,,,,Winston Salem Sales Tax,,
MTHFR TINY VIT,,,,30 CHEWABLE,,,Physician Designed,,,,0,,$12.48,$23.00,,,,Winston Salem Sales Tax,,
BRAIN SUPPORT PQQ & COQ10,,,,60 CAP,,,Physician Designed,,,,0,,$30.00,$55.00,,,,Winston Salem Sales Tax,,
SERUM X,,,,,,,Physician Designed,,,,0,,$60.00,$110.00,,,,Winston Salem Sales Tax,,
VARS REVIVE TOPICAL,,,,,,,Physician Designed,,,,0,,$30.00,$58.00,,,,Winston Salem Sales Tax,,
VARS LIPO GLUTATHIONE,,,,,,,Physician Designed,,,,0,,$30.00,$55.00,,,,Winston Salem Sales Tax,,
ALLULOSE SWEETNER,,,,11.5 OZ,,,KEHE,,,,0,,$5.35,$7.00,,,,Winston Salem Sales Tax,,
ALOE VERA JUICE,,,,16 OZ,,,KEHE,,,,0,,$4.53,$8.00,,,,Winston Salem Sales Tax,,
ALOE VERA JUICE,,,,32 OZ,,,KEHE,,,,0,,$4.62,$12.00,,,,Winston Salem Sales Tax,,
SPAGHETTI - DELALLO,,,,,,,KEHE,,,,0,,$3.70,$5.00,,,,Winston Salem Sales Tax,,
FUSILLI - DELALLO,,,,,,,KEHE,,,,0,,$3.70,$5.00,,,,Winston Salem Sales Tax,,
WHISPS CHEDDAR,,,,,,,KEHE,,,,0,,$3.36,$4.50,,,,Winston Salem Sales Tax,,
WHISPS ASIAGO PEPPERJACK,,,,,,,KEHE,,,,0,,$3.36,$4.50,,,,Winston Salem Sales Tax,,
VOLUME&SHINE SHAMPOO,,,,,,,SELECT NUTRITION,,,,0,,$7.85,$11.50,,,,Winston Salem Sales Tax,,
COLOR CARE SHAMPOO,,,,,,,SELECT NUTRITION,,,,0,,$7.85,$11.50,,,,Winston Salem Sales Tax,,
COLOR CARE CONDITIONER,,,,,,,SELECT NUTRITION,,,,0,,$7.85,$11.50,,,,Winston Salem Sales Tax,,
KIDS BUBBLE WASH,,,,,,,SELECT NUTRITION,,,,0,,$-,$5.00,,,,Winston Salem Sales Tax,,
NOURISH SHAMPOO,,,,,,,SELECT NUTRITION,,,,0,,$7.85,$11.50,,,,Winston Salem Sales Tax,,
NOURISH CONDITIONER,,,,,,,SELECT NUTRITION,,,,0,,$7.85,$11.50,,,,Winston Salem Sales Tax,,
FRAGRANCE-FREE BODY WASH,,,,,,,SELECT NUTRITION,,,,0,,$7.85,$11.50,,,,Winston Salem Sales Tax,,
SENSITIVE SHOWER GEL,,,,,,,SELECT NUTRITION,,,,0,,$7.85,$11.50,,,,Winston Salem Sales Tax,,
SOUR BLAST BUDDIES,,,,,,,KEHE,,,,0,,$2.61,$3.50,,,,Winston Salem Sales Tax,,
PEACH RINGS,,,,,,,KEHE,,,,0,,$2.61,$3.50,,,,Winston Salem Sales Tax,,
GUMMY WORMS,,,,,,,KEHE,,,,0,,$2.61,$3.50,,,,Winston Salem Sales Tax,,
TART CHERRY JUICE,,,,,,,KEHE,,,,0,,$11.38,$18.00,,,,Winston Salem Sales Tax,,
SIMPLE MILLS CASHEW COOKI,,,,,,,KEHE,,,,0,,$5.54,$7.50,,,,Winston Salem Sales Tax,,
CAULI CRACKERS 4 OZ,,,,,,,KEHE,,,,0,,$3.07,$4.50,,,,Winston Salem Sales Tax,,
SIMPLE MILLS NACHO CRACKE,,,,,,,KEHE,,,,0,,$3.39,$5.00,,,,Winston Salem Sales Tax,,
CAULI SEA SALT TORTILLA,,,,,,,KEHE,,,,0,,$3.05,$1.00,,,,Winston Salem Sales Tax,,
CAULI NACHO TORTILLA CHIP,,,,,,,KEHE,,,,0,,$3.34,$5.00,,,,Winston Salem Sales Tax,,
CAULI CHIPS LIME,,,,,,,KEHE,,,,0,,$3.34,$5.00,,,,Winston Salem Sales Tax,,
CAULIFLOWER STALKS,,,,,,,KEHE,,,,0,,$3.21,$4.00,,,,Winston Salem Sales Tax,,
CAULI SEA SALT CHIPS,,,,,,,KEHE,,,,0,,$3.10,$4.50,,,,Winston Salem Sales Tax,,
CAULI SALT & VIN CHIPS,,,,,,,KEHE,,,,0,,$3.10,$4.50,,,,Winston Salem Sales Tax,,
CAULI SOUR CREAM CHIPS,,,,,,,KEHE,,,,0,,$3.10,$4.50,,,,Winston Salem Sales Tax,,
CAULI BUFFALO CHIPS,,,,,,,KEHE,,,,0,,$3.05,$2.00,,,,Winston Salem Sales Tax,,
CAULI EVERYTHING CRACKERS,,,,,,,KEHE,,,,0,,$3.04,$4.50,,,,Winston Salem Sales Tax,,
EVERYTHING BUTTER 10 OZ,,,,,,,KEHE,,,,0,,$6.17,$8.50,,,,Winston Salem Sales Tax,,
HIPPEAS WHITE CHEDDAR,,,,,,,KEHE,,,,0,,$3.37,$4.50,,,,Winston Salem Sales Tax,,
HIPPEAS BBQ,,,,,,,KEHE,,,,0,,$3.37,$4.50,,,,Winston Salem Sales Tax,,
SIMPLE MILLS TOMATO BASIL,,,,,,,KEHE,,,,0,,$4.38,$6.00,,,,Winston Salem Sales Tax,,
SIMPLE MILLS PECAN COOKIE,,,,,,,KEHE,,,,0,,$4.38,$6.00,,,,Winston Salem Sales Tax,,
SIMPLE MILLS CHOC COOKIE,,,,,,,KEHE,,,,0,,$4.38,$6.00,,,,Winston Salem Sales Tax,,
SIMPLE MILLS BAR CARROT,,,,,,,KEHE,,,,0,,$4.77,$6.50,,,,Winston Salem Sales Tax,,
SIMPLE MILLS PITA- SALT,,,,,,,KEHE,,,,0,,$4.38,$6.00,,,,Winston Salem Sales Tax,,
SIMPLE MILLS PITA MEDITER,,,,,,,KEHE,,,,0,,$4.38,$6.00,,,,Winston Salem Sales Tax,,
SIMPLE MILLS CIN THINS,,,,,,,KEHE,,,,0,,$4.38,$6.00,,,,Winston Salem Sales Tax,,
SIMPLE MILLS CHOC THINS,,,,,,,KEHE,,,,0,,$4.38,$6.00,,,,Winston Salem Sales Tax,,
SIMPLE MILLS CRACKER EVER,,,,,,,KEHE,,,,0,,$4.26,$6.00,,,,Winston Salem Sales Tax,,
SIMPLE MILLS PB CHOC BAR,,,,,,,KEHE,,,,0,,$4.76,$6.50,,,,Winston Salem Sales Tax,,
HONEY PRETZEL STICKS,,,,,,,KEHE,,,,0,,$3.32,$5.00,,,,Winston Salem Sales Tax,,
PRETZELS,,,,,,,KEHE,,,,0,,$3.32,$5.00,,,,Winston Salem Sales Tax,,
QUINN CHEDDAR POPCORN,,,,,,,KEHE,,,,0,,$4.47,$6.00,,,,Winston Salem Sales Tax,,
SEA SALT PRETZEL TWISTS,,,,,,,KEHE,,,,0,,$3.32,$5.00,,,,Winston Salem Sales Tax,,
PB PRETZEL NUGGETS,,,,,,,KEHE,,,,0,,$3.91,$5.50,,,,Winston Salem Sales Tax,,
CHOCOLATE PRETZEL NUGGETS,,,,,,,KEHE,,,,0,,$4.49,$5.50,,,,Winston Salem Sales Tax,,
ALMOND BTR PRETZEL NUGGET,,,,,,,KEHE,,,,0,,$4.41,$5.50,,,,Winston Salem Sales Tax,,
DMSO PLAIN GEL,,,,2 OZ,,,DMSO Inc.,,,,0,,$8.53,$15.00,,,,Winston Salem Sales Tax,,
DMSO ALOE GEL,,,,2 OZ,,,DMSO Inc.,,,,0,,$9.63,$17.00,,,,Winston Salem Sales Tax,,
ROSE DMSO,,,,2 OZ,,,DMSO Inc.,,,,0,,$9.63,$17.00,,,,Winston Salem Sales Tax,,
NO-FENOL,,,,,,,Houston Enzymes,,,,0,,$21.60,$36.00,,,,Winston Salem Sales Tax,,
LYPAZYME,,,,120 CAP,,,Houston Enzymes,,,,0,,$19.80,$33.00,,,,Winston Salem Sales Tax,,
TRIENZA,,,,90 CAP,,,Houston Enzymes,,,,0,,$22.80,$38.00,,,,Winston Salem Sales Tax,,
ZYCARB,,,,90 CAP,,,Houston Enzymes,,,,0,,$21.25,$35.00,,,,Winston Salem Sales Tax,,
GAMMACORE - 3 MONTH,,,,,,,GAMMACORE SAPPHIRE,,,,0,,$300.00,$450.00,,,,Winston Salem Sales Tax,,
BONE BROTH,,,,32 OZ,,,SUMMERFIELD FARMS,,,,0,,$17.39,$23.00,,,,Winston Salem Sales Tax,,
GROUND BEEF 80/20- COST $6.29 PER LB,,,,,,,SUMMERFIELD FARMS,,,,0,,$6.29,$9.26,,,,Winston Salem Sales Tax,,
LEAN GROUND BEEF 85/15- COST $6.99 PER LB.,,,,,,,SUMMERFIELD FARMS,,,,0,,$6.99,$10.19,,,,Winston Salem Sales Tax,,
MARROW BONES- COST $3.84 PER LB.,,,,,,,SUMMERFIELD FARMS,,,,0,,$9.30,$18.37,,,,Winston Salem Sales Tax,,
BEEF SHOULDER POT ROAST- COST $6.99 PER LB.,,,,,,,SUMMERFIELD FARMS,,,,0,,$20.00,$26.37,,,,Winston Salem Sales Tax,,
ROUND EYE- COST $6.99 PER LB.,,,,,,,SUMMERFIELD FARMS,,,,0,,$14.00,$20.98,,,,Winston Salem Sales Tax,,
SIRLOIN BONELESS STEAK- COST $11.19 PER LB.,,,,,,,SUMMERFIELD FARMS,,,,0,,$3.25,$6.43,,,,Winston Salem Sales Tax,,
SOUP BONES- COST $3.14 PER LB.,,,,,,,SUMMERFIELD FARMS,,,,0,,$9.00,$13.51,,,,Winston Salem Sales Tax,,
GLUTAGENICS,,,,,,,Metagenics,,,,0,,$37.00,$64.00,,,,Winston Salem Sales Tax,,
ULTRA GLUCOSE CHOCOLATE,,,,,,,Metagenics,,,,0,,$75.00,$120.00,,,,Winston Salem Sales Tax,,
ULTRA GLUCOSE VANILLA,,,,,,,Metagenics,,,,0,,$75.00,$120.00,,,,Winston Salem Sales Tax,,
ESTROVERA,,,,30 TAB,,,Metagenics,,,,0,,$21.00,$32.00,,,,Winston Salem Sales Tax,,
ULTRA GI REPLENISH VAN.,,,,,,,Metagenics,,,,0,,$62.00,$100.00,,,,Winston Salem Sales Tax,,
ULTRA GI REPLENISH CHOC.,,,,,,,Metagenics,,,,0,,$62.00,$100.00,,,,Winston Salem Sales Tax,,
METAFIBER,,,,,,,Metagenics,,,,0,,$18.00,$30.00,,,,Winston Salem Sales Tax,,
CARDIOLUX,,,,120 CAP,,,Metagenics,,,,0,,$61.00,$84.00,,,,Winston Salem Sales Tax,,
YARLAP,,,,,,,YARLAP,,,,0,,$199.00,$299.00,,,,Winston Salem Sales Tax,,
TOOTHPASTE,,,,,,,SILVER BIOTICS,,,,0,,$5.62,$10.00,,,,Winston Salem Sales Tax,,
HEALING CREAM UNSCENETED,,,,,,,SILVER BIOTICS,,,,0,,$7.49,$14.00,,,,Winston Salem Sales Tax,,
HEALING CREAM LAVENDER,,,,,,,SILVER BIOTICS,,,,0,,$7.49,$14.00,,,,Winston Salem Sales Tax,,
HONEY LOZENGES,,,,21,,,SILVER BIOTICS,,,,0,,$4.50,$7.00,,,,Winston Salem Sales Tax,,
SILVER,,30 PPM,,4 OZ,,,SILVER BIOTICS,,,,0,,$10.16,$19.00,,,,Winston Salem Sales Tax,,
SILVER,,30 PPM,,16 OZ,,,SILVER BIOTICS,,,,0,,$23.27,$40.00,,,,Winston Salem Sales Tax,,
ORANGE LOZENGES,,,,21,,,SILVER BIOTICS,,,,0,,$4.50,$7.00,,,,Winston Salem Sales Tax,,
ELDERBERRY LOZENGES,,,,21,,,SILVER BIOTICS,,,,0,,$8.99,$14.00,,,,Winston Salem Sales Tax,,
NEURO LIQUID PLASMOLOGENS,,,,,,,PRODROME,,,,0,,$98.00,$195.00,,,,Winston Salem Sales Tax,,
GLIA LIQUID PLASMALOGENS,,,,,,,PRODROME,,,,0,,$51.00,$102.00,,,,Winston Salem Sales Tax,,
GLIA PLASMALOGENS,,,,60 CT,,,PRODROME,,,,0,,$50.00,$100.00,,,,Winston Salem Sales Tax,,
NEURO PLASMALOGENS,,,,60 CT,,,PRODROME,,,,0,,$91.00,$190.00,,,,Winston Salem Sales Tax,,
NITRIC TEST STRIPS,,,,,,,BERKLEY LIFE PROFESSIONAL,,,,0,,$20.00,$30.00,,,,Winston Salem Sales Tax,,
NITRIC OXIDE,,,,60 CAP,,,BERKLEY LIFE PROFESSIONAL,,,,0,,$24.00,$50.00,,,,Winston Salem Sales Tax,,
NITRIC OXIDE,,,,20 CAP,,,BERKLEY LIFE PROFESSIONAL,,,,0,,$12.00,$20.00,,,,Winston Salem Sales Tax,,
BRONCHIAL WELLNESS TEA,,,,,,,EMERSON,,,,0,,$3.59,$6.00,,,,Winston Salem Sales Tax,,
LEMON BALM EXT,,300 MG,,1 OZ,,,EMERSON,,,,0,,$6.50,$13.00,,,,Winston Salem Sales Tax,,
LEMON BALM EXT,,333 MG,,2 OZ,,,EMERSON,,,,0,,$11.80,$19.00,,,,Winston Salem Sales Tax,,
PAU D'ARCO 1,,,,1 OZ,,,EMERSON,,,,0,,$6.24,$12.00,,,,Winston Salem Sales Tax,,
NETTLE LEAF,,450 MG,,60 CAP,,,EMERSON,,,,0,,$14.50,$21.00,,,,Winston Salem Sales Tax,,
OIL OF OREGANO,,460 MG,,60 CAP,,,EMERSON,,,,0,,$13.00,$20.00,,,,Winston Salem Sales Tax,,
THYROID SUPPORT,,270 MG,,60 CAP,,,EMERSON,,,,0,,$15.00,$27.00,,,,Winston Salem Sales Tax,,
ADRENAL SUPPORT,,,,60 CAP,,,EMERSON,,,,0,,$15.00,$23.00,,,,Winston Salem Sales Tax,,
BRONCHIAL WELLNESS,,,,5.4 OZ,,,EMERSON,,,,0,,$12.50,$19.00,,,,Winston Salem Sales Tax,,
THYROID SUPPORT,,,,120 CAP,,,EMERSON,,,,0,,$23.50,$42.00,,,,Winston Salem Sales Tax,,
TRACE MAGNESIUM GUMMIES,,,,,,,EMERSON,,,,0,,$18.00,$30.00,,,,Winston Salem Sales Tax,,
COFIX RX SPRAY,,,,,,,COFIX RX SPRAY,,,,0,,$13.00,$22.00,,,,Winston Salem Sales Tax,,
DIGESTXYM,,,,,,,MASTER SUPPLEMENTS,,,,0,,$28.00,$48.00,,,,Winston Salem Sales Tax,,
THERAXYM,,,,,,,MASTER SUPPLEMENTS,,,,0,,$37.20,$25.00,,,,Winston Salem Sales Tax,,
SERRAXYM,,,,,,,MASTER SUPPLEMENTS,,,,0,,$28.00,$48.00,,,,Winston Salem Sales Tax,,
CLEANSXYM,,,,,,,MASTER SUPPLEMENTS,,,,0,,$32.40,$52.00,,,,Winston Salem Sales Tax,,
LUMBROXYM,,,,,,,MASTER SUPPLEMENTS,,,,0,,$35.00,$60.00,,,,Winston Salem Sales Tax,,
7 MUSHROOM BLEND,,,,,,,Z Natural Foods,,,,0,,$37.00,$62.00,,,,Winston Salem Sales Tax,,
PURPLE ARONIA POWDER,,,,,,,Z Natural Foods,,,,0,,$27.49,$44.00,,,,Winston Salem Sales Tax,,
CORDCEPS POWDER,,,,,,,Z Natural Foods,,,,0,,$30.00,$50.00,,,,Winston Salem Sales Tax,,
COOKIE DOUGH CORDYCEPS BAR,,,,,,,BALANCED TIGER,,,,0,,$1.50,$2.00,,,,Winston Salem Sales Tax,,
VANILLA CHAI REISHI BAR,,,,,,,BALANCED TIGER,,,,0,,$1.50,$2.00,,,,Winston Salem Sales Tax,,
CHOCOLATE BROWNIE CHAGA BAR,,,,,,,BALANCED TIGER,,,,0,,$1.50,$2.00,,,,Winston Salem Sales Tax,,
AKKERMANSIA,,,,,,,Pendulum,,,,0,,$35.50,$58.00,,,,Winston Salem Sales Tax,,
GI REPAIR,,,,30 CAP,,,Pendulum,,,,0,,$29.40,$48.00,,,,Winston Salem Sales Tax,,
METABOLIC DAILY,,,,30 CAP,,,Pendulum,,,,0,,$29.40,$48.00,,,,Winston Salem Sales Tax,,
ARTEROSIL,,,,,,,BIOTE,,,,0,,$47.50,$80.00,,,,Winston Salem Sales Tax,,
BPC-157,,,,,,,BIOTE,,,,0,,$54.00,$90.00,,,,Winston Salem Sales Tax,,
ALL PURPOSE BAKING FLOUR,,,,,,,To Your Health Bakery,,,,0,,$9.50,$12.00,,,,Winston Salem Sales Tax,,
BREAD MIX,,,,,,,To Your Health Bakery,,,,0,,$9.50,$12.00,,,,Winston Salem Sales Tax,,
CHOCOLATE CAKE MIX,,,,,,,To Your Health Bakery,,,,0,,$9.50,$12.00,,,,Winston Salem Sales Tax,,
COOKIE MIX,,,,,,,To Your Health Bakery,,,,0,,$9.50,$12.00,,,,Winston Salem Sales Tax,,
VANILLA CAKE MIX,,,,,,,To Your Health Bakery,,,,0,,$9.50,$12.00,,,,Winston Salem Sales Tax,,
OVASITOL,,,,14.12 OZ,,,THERALOGIX NUTRITIONAL SCIENCE,,,,0,,$50.00,$79.00,,,,Winston Salem Sales Tax,,
METHYLENE BLUE,,1%,,,,,BIOPHARM INC,,,,0,,$27.00,$44.00,,,,Winston Salem Sales Tax,,
A.D.P.,,,,,,,BIOTICS RESEARCH,,,,0,,$24.95,$40.00,,,,Winston Salem Sales Tax,,
FC-CIDAL,,,,,,,BIOTICS RESEARCH,,,,0,,$18.95,$32.00,,,,Winston Salem Sales Tax,,
NUTRICLEAR COLLAGEN,,,,,,,BIOTICS RESEARCH,,,,0,,$108.00,$170.00,,,,Winston Salem Sales Tax,,
NUTRICLEAR PEA PROTEIN,,,,,,,BIOTICS RESEARCH,,,,0,,$108.00,$170.00,,,,Winston Salem Sales Tax,,
BIOCIDIN,,,,1 OZ,,,EMERSON,,,,0,,$37.95,$60.00,,,,Winston Salem Sales Tax,,
BIOTONIC,,,,2 OZ,,,EMERSON,,,,0,,$24.95,$40.00,,,,Winston Salem Sales Tax,,
OLIVIREX,,,,,,,EMERSON,,,,0,,$22.95,$37.00,,,,Winston Salem Sales Tax,,
GI DETOX,,,,60 CAP,,,EMERSON,,,,0,,$19.95,$34.00,,,,Winston Salem Sales Tax,,
LIPO GLUTATHIONE,,250 MG,,,,,Wellness Pharmacy,,,,0,,$33.00,$58.00,,,,Winston Salem Sales Tax,,
STRESSCARE,,720 MG,,120 CAP,,,HIMALAYA,,,,0,,$17.50,$29.00,,,,Winston Salem Sales Tax,,
LIVERCARE,,375 MG,,90 CAP,,,HIMALAYA,,,,0,,$16.80,$28.00,,,,Winston Salem Sales Tax,,
MENOCARE,,,,90 CAP,,,HIMALAYA,,,,0,,$17.50,$29.00,,,,Winston Salem Sales Tax,,
HOLY BASIL,,,,120 CAP,,,HIMALAYA,,,,0,,$7.00,$12.00,,,,Winston Salem Sales Tax,,
BITTER MELON,,,,60 CAP,,,HIMALAYA,,,,0,,$6.00,$10.00,,,,Winston Salem Sales Tax,,
KIDS BUBBLEGUM TOOTHPASTE,,,,,,,HIMALAYA,,,,0,,$3.00,$5.00,,,,Winston Salem Sales Tax,,
KIDS COOL MINT TOOTHPASTE,,,,,,,HIMALAYA,,,,0,,$3.00,$5.00,,,,Winston Salem Sales Tax,,
BOSWELIA,,,,120 CAP,,,HIMALAYA,,,,0,,$13.15,$22.00,,,,Winston Salem Sales Tax,,
BOSWELLIA,,,,240 CAP,,,HIMALAYA,,,,0,,$21.50,$35.00,,,,Winston Salem Sales Tax,,
KIDS ORANGE TOOTHPASTE,,,,,,,HIMALAYA,,,,0,,$3.00,$5.00,,,,Winston Salem Sales Tax,,
TURMERIC TOOTHPASTE,,,,,,,HIMALAYA,,,,0,,$3.60,$6.00,,,,Winston Salem Sales Tax,,
CHARCOAL TOOTHPASTE,,,,,,,HIMALAYA,,,,0,,$3.60,$6.00,,,,Winston Salem Sales Tax,,
BAMBOO TOOTHPASTE,,,,,,,HIMALAYA,,,,0,,$3.60,$6.00,,,,Winston Salem Sales Tax,,
HELLO JOY,,,,,,,HIMALAYA,,,,0,,$12.00,$20.00,,,,Winston Salem Sales Tax,,
HELLO ENERGY,,,,,,,HIMALAYA,,,,0,,$12.00,$20.00,,,,Winston Salem Sales Tax,,
ASHWAGANDHA POWDER,,,,,,,HIMALAYA,,,,0,,$8.50,$14.00,,,,Winston Salem Sales Tax,,
MENSTRICARE,,,,120 CAP,,,HIMALAYA,,,,0,,$20.00,$33.00,,,,Winston Salem Sales Tax,,
NEEM AND TURMERIC FACE WASH,,,,5 OZ,,,HIMALAYA,,,,0,,$5.39,$10.00,,,,Winston Salem Sales Tax,,
WHITENING MINT TOOTHPASTE,,,,,,,HIMALAYA,,,,0,,$3.59,$6.00,,,,Winston Salem Sales Tax,,
BACOPA,,750 MG,,60 CAP,,,HIMALAYA,,,,0,,$13.50,$23.00,,,,Winston Salem Sales Tax,,
TRIPHALA,,250 MG,,60 CAP,,,HIMALAYA,,,,0,,$9.50,$16.00,,,,Winston Salem Sales Tax,,
HOLY BASIL,,720 MG,,,,,HIMALAYA,,,,0,,$11.00,$18.00,,,,Winston Salem Sales Tax,,
NEEM,,600 MG,,60 CAP,,,HIMALAYA,,,,0,,$9.00,$15.00,,,,Winston Salem Sales Tax,,
BITTER MELON,,660 MG,,60 CAP,,,HIMALAYA,,,,0,,$8.48,$14.00,,,,Winston Salem Sales Tax,,
TRIPHALA,,,,60 CAP,,,HIMALAYA,,,,0,,$9.50,$16.00,,,,Winston Salem Sales Tax,,
WHITENING AND HYDROXYAPATITE TOOTHPASTE,,,,,,,HIMALAYA,,,,0,,$3.30,$6.00,,,,Winston Salem Sales Tax,,
NT FACTOR ENERGY,,,,90 TAB,,,Researched Nutritionals,,,,0,,$26.50,$48.00,,,,Winston Salem Sales Tax,,
TRANSFER FACTOR,,,,60 CAP,,,Researched Nutritionals,,,,0,,$22.49,$40.00,,,,Winston Salem Sales Tax,,
ENERGY MULTI-PLEX,,,,,,,Researched Nutritionals,,,,0,,$22.49,$45.00,,,,Winston Salem Sales Tax,,
ATP FUEL,,,,150 CAP,,,Researched Nutritionals,,,,0,,$36.50,$58.00,,,,Winston Salem Sales Tax,,
COQ10 POWER,,400 MG,,GEL 60.00,,,Researched Nutritionals,,,,0,,$33.00,$55.00,,,,Winston Salem Sales Tax,,
ATP 360,,,,90 CAP,,,Researched Nutritionals,,,,0,,$36.49,$60.00,,,,Winston Salem Sales Tax,,
HISTAQUEL,,,,120 CAP,,,Researched Nutritionals,,,,0,,$34.49,$55.00,,,,Winston Salem Sales Tax,,
MYCOPULL,,,,,,,Researched Nutritionals,,,,0,,$19.99,$35.00,,,,Winston Salem Sales Tax,,
COLOSTRUM,,,,120 CAP,,,Sovereign Labs,,,,0,,$226.37,$44.00,,,,Winston Salem Sales Tax,,
VANILLA COLOSTRUM,,,,16 OZ,,,Sovereign Labs,,,,0,,$65.97,$104.00,,,,Winston Salem Sales Tax,,
VANILLA COLOSTRUM,,,,12 OZ,,,Sovereign Labs,,,,0,,$50.00,$84.00,,,,Winston Salem Sales Tax,,
VANILLA COLOSTRUM,,,,6 OZ,,,Sovereign Labs,,,,0,,$27.00,$52.00,,,,Winston Salem Sales Tax,,
VIT C LD,,520 MG,,120 CAP,,,Sovereign Labs,,,,0,,$12.00,$31.00,,,,Winston Salem Sales Tax,,
STOMACH ARMOR,,,,60 CAP,,,Sovereign Labs,,,,0,,$15.00,$24.00,,,,Winston Salem Sales Tax,,
COLOSTRUM,,,,16 OZ,,,Sovereign Labs,,,,0,,$65.97,$104.00,,,,Winston Salem Sales Tax,,
COLOSTRUM,,,,6 OZ,,,Sovereign Labs,,,,0,,$30.00,$52.00,,,,Winston Salem Sales Tax,,
COLOSTRUM,,,,12 OZ,,,Sovereign Labs,,,,0,,$49.77,$82.00,,,,Winston Salem Sales Tax,,
GASTRODEFENSE NIGHT,,,,60 CAP,,,Sovereign Labs,,,,0,,$18.00,$31.00,,,,Winston Salem Sales Tax,,
GASTRODEFENSE DAILY,,,,60 CAP,,,Sovereign Labs,,,,0,,$18.00,$31.00,,,,Winston Salem Sales Tax,,
FALL HONEY,,,,16 OZ,,,L & B Apiaries,,,,0,,$3.30,$6.00,,,,Winston Salem Sales Tax,,
SPRING HONEY,,,,16 OZ,,,L & B Apiaries,,,,0,,$3.30,$6.00,,,,Winston Salem Sales Tax,,
BEE POLLEN,,,,8 OZ,,,L & B Apiaries,,,,0,,$3.30,$7.00,,,,Winston Salem Sales Tax,,
ADRENAL,,434 MG,,90 TAB,,,Standard Process,,,,0,,$8.25,$14.00,,,,Winston Salem Sales Tax,,
CALICIFOOD,,,,100 WAFFERS,,,Standard Process,,,,0,,$15.00,$24.00,,,,Winston Salem Sales Tax,,
CARDIO-PLUS,,,,,,,Standard Process,,,,0,,$26.50,$45.00,,,,Winston Salem Sales Tax,,
CRUCIFEROUS,,,,,,,Standard Process,,,,0,,$15.25,$25.00,,,,Winston Salem Sales Tax,,
HEPATROPHIN,,,,,,,Standard Process,,,,0,,$10.75,$18.00,,,,Winston Salem Sales Tax,,
LIVAPLEX,,,,,,,STandard Process,,,,0,,$13.50,$22.00,,,,Winston Salem Sales Tax,,
ORCHIC PMG,,,,90 TAB,,,STandard Process,,,,0,,$15.00,$24.00,,,,Winston Salem Sales Tax,,
PANCREATROPHIN PMG,,,,90 CAP,,,STandard Process,,,,0,,$12.50,$20.00,,,,Winston Salem Sales Tax,,
PITUITROPHIN PMG,,,,90 TAB,,,STandard Process,,,,0,,$18.00,$30.00,,,,Winston Salem Sales Tax,,
SPLEEN DESICCATED,,,,,,,STANDARD PROCESS,,,,0,,$11.00,$18.00,,,,Winston Salem Sales Tax,,
BETACOL,,,,,,,STANDARD PROCESS,,,,0,,$12.75,$20.00,,,,Winston Salem Sales Tax,,
IMMUPLEX,,,,,,,STANDARD PROCESS,,,,0,,$17.00,$28.00,,,,Winston Salem Sales Tax,,
LIVCO,,,,,,,STANDARD PROCESS,,,,0,,$46.75,$75.00,,,,Winston Salem Sales Tax,,
NERVAGESIC,,,,,,,STANDARD PROCESS,,,,0,,$23.75,$35.00,,,,Winston Salem Sales Tax,,
TONGKAT ALI,,,,,,,STANDARD PROCESS,,,,0,,$24.75,$40.00,,,,Winston Salem Sales Tax,,
POMEGRANATE POWDER,,,,8 OZ,,,NAVITAS,,,,0,,$13.00,$22.00,,,,Winston Salem Sales Tax,,
CACAO NIBS,,,,4 OZ,,,NAVITAS,,,,0,,$3.65,$6.00,,,,Winston Salem Sales Tax,,
CACAO POWDER,,,,8 OZ,,,NAVITAS,,,,0,,$6.99,$12.00,,,,Winston Salem Sales Tax,,
ALA MAX CR,,,,60 TAB,,,Xymogen,,,,0,,$34.91,$56.00,,,,Winston Salem Sales Tax,,
PEPCIX,,,,60 CHEWABLE,,,Xymogen,,,,0,,$27.99,$45.00,,,,Winston Salem Sales Tax,,
FITFOOD COMP VAN,,,,10 PACK,,,Xymogen,,,,0,,$15.68,$25.00,,,,Winston Salem Sales Tax,,
NRF2 ACTIVATOR,,,,,,,Xymogen,,,,0,,$31.04,$50.00,,,,Winston Salem Sales Tax,,
MONOPURE,,,,120 CAP,,,Xymogen,,,,0,,$39.35,$63.00,,,,Winston Salem Sales Tax,,
MONOPURE,,,,60 CAP,,,Xymogen,,,,0,,$19.68,$34.00,,,,Winston Salem Sales Tax,,
FITFOOD COMP CHOC,,,,10 PACK,,,Xymogen,,,,0,,$15.68,$25.00,,,,Winston Salem Sales Tax,,
SPORTS MAGNESIUM,,,,8 OZ,,,HAIOTB- PHYSICAL STORE,,,,0,,$13.00,$24.00,,,,Winston Salem Sales Tax,,
MAGNESIUM SALT,,,,2.2 LB,,,HAIOTB- PHYSICAL STORE,,,,0,,$8.50,$14.50,,,,Winston Salem Sales Tax,,
MAGNESIUM OIL,,,,8 OZ,,,HAIOTB- PHYSICAL STORE,,,,0,,$13.00,$22.00,,,,Winston Salem Sales Tax,,
MAGNESIUM BALM,,,,4 OZ,,,HAIOTB- PHYSICAL STORE,,,,0,,$13.00,$22.00,,,,Winston Salem Sales Tax,,
MAGNESIUM ROLL-ON,,,,3 OZ,,,HAIOTB- PHYSICAL STORE,,,,0,,$8.00,$12.00,,,,Winston Salem Sales Tax,,
CURCUMIN,,650 MG,,60 CAP,,,HAIOTB- PHYSICAL STORE,,,,0,,$14.99,$26.00,,,,Winston Salem Sales Tax,,
WATER BOTTLE,,,,6 PACK,,,HAIOTB- PHYSICAL STORE,,,,0,,$78.00,$120.00,,,,Winston Salem Sales Tax,,
VITAMIN K2- MK7,,150 MCG,,,,,HAIOTB- PHYSICAL STORE,,,,0,,$12.86,$22.00,,,,Winston Salem Sales Tax,,
PREGNENOLONE,,75 MG,,100 CAP,,,HAIOTB- PHYSICAL STORE,,,,0,,$16.69,$28.00,,,,Winston Salem Sales Tax,,
TURMERIC,,500 MG,,100 CAP,,,HAIOTB- PHYSICAL STORE,,,,0,,$14.00,$26.00,,,,Winston Salem Sales Tax,,
VIT K2 MAX,,75 MCG,,60 CAP,,,HAIOTB- PHYSICAL STORE,,,,0,,$14.00,$26.00,,,,Winston Salem Sales Tax,,
ASHWAGANDA,,450 MG,,180 CAP,,,HAIOTB- PHYSICAL STORE,,,,0,,$15.25,$22.00,,,,Winston Salem Sales Tax,,
MAG MALATE,,1350 MG,,200 CAP,,,HAIOTB- PHYSICAL STORE,,,,0,,$14.00,$22.00,,,,Winston Salem Sales Tax,,
BANABA LEAF,,250 MG,,100 CAP,,,HAIOTB- PHYSICAL STORE,,,,0,,$14.97,$20.00,,,,Winston Salem Sales Tax,,
BONE SUPPORT,,925 MG,,90 CAP,,,HAIOTB- PHYSICAL STORE,,,,0,,$16.00,$24.00,,,,Winston Salem Sales Tax,,
DAILY MULTI,,,,120 CAP,,,HAIOTB- PHYSICAL STORE,,,,0,,$16.50,$24.50,,,,Winston Salem Sales Tax,,
PLANTIOXIDANTS,,,,120 CAP,,,HAIOTB- PHYSICAL STORE,,,,0,,$7.65,$31.25,,,,Winston Salem Sales Tax,,
BERBERINE,,450 MG,,180 CAP,,,HAIOTB- PHYSICAL STORE,,,,0,,$17.99,$30.00,,,,Winston Salem Sales Tax,,
PH ADJUST POWDER,,,,,,,HAIOTB- PHYSICAL STORE,,,,0,,$14.00,$21.00,,,,Winston Salem Sales Tax,,
DAILY MULTI,,,,120 CAP,,,HAIOTB- PHYSICAL STORE,,,,0,,$16.00,$24.50,,,,Winston Salem Sales Tax,,
VIT D3,,7500 IU,,100 SOFTGEL,,,HAIOTB- PHYSICAL STORE,,,,0,,$9.75,$20.00,,,,Winston Salem Sales Tax,,
PROBIOTIC,,25 BIL,,100 CAP,,,HAIOTB- PHYSICAL STORE,,,,0,,$24.39,$33.00,,,,Winston Salem Sales Tax,,
KETOX SHAKE,,,,1.58 LB,,,HAIOTB- PHYSICAL STORE,,,,0,,$13.65,$36.75,,,,Winston Salem Sales Tax,,
BONESUPPORT,,925 MG,,90 CAP,,,HAIOTB- PHYSICAL STORE,,,,0,,$15.65,$27.00,,,,Winston Salem Sales Tax,,
BERBERINE,,450 MG,,60 CAP,,,HAIOTB- PHYSICAL STORE,,,,0,,$13.28,$28.00,,,,Winston Salem Sales Tax,,
BRAIN SAVE,,,,180 CAP,,,HAIOTB- PHYSICAL STORE,,,,0,,$37.36,$70.00,,,,Winston Salem Sales Tax,,
KETONE TEST STRIPS,,,,100,,,HAIOTB- PHYSICAL STORE,,,,0,,$5.00,$10.00,,,,Winston Salem Sales Tax,,
MUSCADINE GRAPESEED,,,,60 CAP,,,HAIOTB- PHYSICAL STORE,,,,0,,$7.00,$20.00,,,,Winston Salem Sales Tax,,
ESTROGEN CONTROL,,,,60 CAP,,,HAIOTB- PHYSICAL STORE,,,,0,,$15.00,$30.00,,,,Winston Salem Sales Tax,,
BLACK CUMIN SEED,,,,60 CAP,,,HAIOTB- PHYSICAL STORE,,,,0,,$10.00,$16.00,,,,Winston Salem Sales Tax,,
ASHWAGANDA 7%,,300 MG,,60 CAP,,,HAIOTB- PHYSICAL STORE,,,,0,,$11.00,$19.00,,,,Winston Salem Sales Tax,,
EYE DEFENSE,,,,30 SOFTGEL,,,HAIOTB- PHYSICAL STORE,,,,0,,$15.75,$25.00,,,,Winston Salem Sales Tax,,
OMEGA 3,,400/300 MG,,120 SOFTGEL,,,HAIOTB- PHYSICAL STORE,,,,0,,$18.45,$30.00,,,,Winston Salem Sales Tax,,
ADRENAL SYNERGY,,,,60 CAP,,,HAIOTB- PHYSICAL STORE,,,,0,,$14.00,$24.00,,,,Winston Salem Sales Tax,,
BLOOD SUGAR SYNERGY,,,,60 CAP,,,HAIOTB- PHYSICAL STORE,,,,0,,$16.00,$26.00,,,,Winston Salem Sales Tax,,
INFLAMMATION SYNERGY,,,,60 CAP,,,HAIOTB- PHYSICAL STORE,,,,0,,$16.00,$26.00,,,,Winston Salem Sales Tax,,
CIRCULATION SYNERGY,,,,60 CAP,,,HAIOTB- PHYSICAL STORE,,,,0,,$14.00,$24.00,,,,Winston Salem Sales Tax,,
VIT D&K,,7500IU/200MCG,,,,,HAIOTB- PHYSICAL STORE,,,,0,,$14.00,$26.00,,,,Winston Salem Sales Tax,,
LEPTIN SYNERGY,,,,60 CAP,,,HAIOTB- PHYSICAL STORE,,,,0,,$15.83,$27.00,,,,Winston Salem Sales Tax,,
BERBERINE,,450 MG,,60 CAP,,,HAIOTB- PHYSICAL STORE,,,,0,,$4.37,$14.50,,,,Winston Salem Sales Tax,,
BLACK CUMIN SEED,,,,60 CAP,,,HAIOTB- PHYSICAL STORE,,,,0,,$2.85,$9.00,,,,Winston Salem Sales Tax,,
WATER BOTTLE REFILL,,,,,,,HAIOTB- PHYSICAL STORE,,,,0,,$0.01,$1.00,,,,Winston Salem Sales Tax,,
WATER BOTTLE REFILL 6,,,,,,,HAIOTB- PHYSICAL STORE,,,,0,,$0.06,$6.00,,,,Winston Salem Sales Tax,,
HAIOTB WATER BOTTLE,,,,,,,HAIOTB- PHYSICAL STORE,,,,0,,$13.00,$20.00,,,,Winston Salem Sales Tax,,
LORATADINE,,10 MG,,100 TAB,,,Henry Schein,,,,0,,$6.00,$12.00,,,,Winston Salem Sales Tax,,
ADDED ATTENTION,,,,16 OZ,,,EMERSON,,,,0,,$20.09,$33.00,,,,Winston Salem Sales Tax,,
SWEDISH BITTERS,,,,,,,EMERSON,,,,0,,$15.87,$30.00,,,,Winston Salem Sales Tax,,
VINPOCETINE,,10 MG,,60 TAB,,,EMERSON,,,,0,,$6.59,$11.00,,,,Winston Salem Sales Tax,,
ANDROGRAPHIS,,400 MG,,90 CT,,,NOW FOODS,,,,0,,$8.49,$13.00,,,,Winston Salem Sales Tax,,
ALBIZIA CALM,,,,2 OZ,,,EMERSON,,,,0,,$8.25,$13.00,,,,Winston Salem Sales Tax,,
LEMON BALM 500M,,500 M,,120 CAP,,,EMERSON,,,,0,,$14.10,$25.00,,,,Winston Salem Sales Tax,,
MAGNESIUM GLYCINATE,,400 MG,,,,,EMERSON,,,,0,,$20.00,$35.00,,,,Winston Salem Sales Tax,,
P-5-P 33.8 MG 60 CAO,,33.8 MG,,60 COA,,,EMERSON,,,,0,,$7.80,$13.00,,,,Winston Salem Sales Tax,,
NA-PCA,,,,,,,EMERSON,,,,0,,$7.77,$12.00,,,,Winston Salem Sales Tax,,
FO-TI ROOT,,,,100 CAP,,,EMERSON,,,,0,,$6.48,$12.00,,,,Winston Salem Sales Tax,,
GOTU KOLA,,475 MG,,100 CAP,,,EMERSON,,,,0,,$6.00,$10.00,,,,Winston Salem Sales Tax,,
UMCKA COLD + FLU,,,,4 OZ,,,EMERSON,,,,0,,$11.96,$20.00,,,,Winston Salem Sales Tax,,
UMCKA COLD&FLU CHEWABLES,,,,,,,EMERSON,,,,0,,$10.19,$16.00,,,,Winston Salem Sales Tax,,
UMCKA COLD SUGAR FREE,,,,,,,EMERSON,,,,0,,$10.78,$18.00,,,,Winston Salem Sales Tax,,
UMCKA COLD & FLU,,,,,,,EMERSON,,,,0,,$11.39,$18.00,,,,Winston Salem Sales Tax,,
UMCKA COLDCARE KIDS,,,,,,,EMERSON,,,,0,,$7.19,$12.00,,,,Winston Salem Sales Tax,,
INNATE ADRENAL RESPONSE,,,,,,,EMERSON,,,,0,,$40.00,$60.00,,,,Winston Salem Sales Tax,,
PHARMA GABA,,100 MG,,60 CAP,,,EMERSON,,,,0,,$14.00,$24.00,,,,Winston Salem Sales Tax,,
GREEN VIBRANCE,,,,,,,EMERSON,,,,0,,$37.20,$58.00,,,,Winston Salem Sales Tax,,
